pct_rise_total,dollars_per_code,base_total,rise_total,affected_weight,codes_added_total,feature_set,model,pool,share_affected,codes_added,fold
0.02707982056671263,43.68015917596727,549800101564.6667,148884880.97931555,3408524.231322667,413,F3,WLS,prevalence,0.05,1,0
0.01668473155541628,12.742300254836247,549800101564.6667,91732671.0374707,3599533.4124485995,902,F3,WLS,prevalence,0.05,2,0
0.09611310007049424,79.77011886905079,549800101564.6667,528429921.80452716,6624409.3564908495,863,F3,WLS,prevalence,0.1,1,0
0.42709268804372635,169.5991578258677,549800101564.6667,2348156032.6396728,6922664.188729616,1734,F3,WLS,prevalence,0.1,2,0
0.7315358671529633,239.60716745861612,549800101564.6667,4021984940.5889573,16785745.531938717,2204,F3,WLS,prevalence,0.25,1,0
0.6571651393845039,104.56692646918826,549800101564.6667,3613094603.7835865,17276469.366479002,4416,F3,WLS,prevalence,0.25,2,0
0.07657212344685072,123.51199050083969,549800101564.6667,420993612.4810072,3408524.231322667,413,F3,WLS,chronic,0.05,1,0
0.5373030505500662,410.3438389289434,549800101564.6667,2954092717.634317,3599533.4124485995,902,F3,WLS,chronic,0.05,2,0
0.16114596022453315,133.74485260542107,549800101564.6667,885980652.9818407,6624409.3564908495,863,F3,WLS,chronic,0.1,1,0
1.5384489787613822,610.9204359155016,549800101564.6667,8458394047.750658,6922664.188729616,1734,F3,WLS,chronic,0.1,2,0
0.3321363661556976,108.78790429550313,549800101564.6667,1826086078.4572186,16785745.531938717,2204,F3,WLS,chronic,0.25,1,0
2.7460531765281107,436.9470067438985,549800101564.6667,15097803153.57131,17276469.366479002,4416,F3,WLS,chronic,0.25,2,0
5.238502486194943,8449.783552922298,549800101564.6667,28801291989.56739,3408524.231322667,413,F3,WLS,targeted,0.05,1,0
11.575616257906669,8840.416611025934,549800101564.6667,63642749942.70694,3599533.4124485995,902,F3,WLS,targeted,0.05,2,0
10.526583261713808,8736.652937591096,549800101564.6667,57875165464.19173,6624409.3564908495,863,F3,WLS,targeted,0.1,1,0
22.144375258119883,8793.565189700936,549800101564.6667,121749797660.00404,6922664.188729616,1734,F3,WLS,targeted,0.1,2,0
26.493512532581605,8677.681818482672,549800101564.6667,145661358812.18137,16785745.531938717,2204,F3,WLS,targeted,0.25,1,0
55.16238576391721,8777.33889147398,549800101564.6667,303282852955.5101,17276469.366479002,4416,F3,WLS,targeted,0.25,2,0
5.555942690845832,8961.81939281434,549800101564.6667,30546578557.145065,3408524.231322667,413,F3,WLS,own-targeted,0.05,1,0
12.116964221699472,9253.849591597495,549800101564.6667,66619081597.45803,3599533.4124485995,902,F3,WLS,own-targeted,0.05,2,0
11.087822255658962,9202.459380501738,549800101564.6667,60960858022.9227,6624409.3564908495,863,F3,WLS,own-targeted,0.1,1,0
23.112793460032538,9178.125534716284,549800101564.6667,127074161917.69055,6922664.188729616,1734,F3,WLS,own-targeted,0.1,2,0
28.007273476940924,9173.498890992085,549800101564.6667,153984018021.71518,16785745.531938717,2204,F3,WLS,own-targeted,0.25,1,0
57.69930623683123,9181.00908128021,549800101564.6667,317230844292.2062,17276469.366479002,4416,F3,WLS,own-targeted,0.25,2,0
0.5944832958264092,1004.6649150192009,576033797962.696,3424424707.202675,3408524.231322667,413,F3,Payment-form WLS (non-negative),prevalence,0.05,1,0
1.2874632268010138,1030.1645342514041,576033797962.696,7416223322.714958,3599533.4124485995,902,F3,Payment-form WLS (non-negative),prevalence,0.05,2,0
1.3075825688466722,1137.0247711889083,576033797962.696,7532117532.825671,6624409.3564908495,863,F3,Payment-form WLS (non-negative),prevalence,0.1,1,0
2.7882690787715347,1160.0571567530117,576033797962.696,16061372271.867147,6922664.188729616,1734,F3,Payment-form WLS (non-negative),prevalence,0.1,2,0
3.685948070405021,1264.9010209577787,576033797962.696,21232306660.886753,16785745.531938717,2204,F3,Payment-form WLS (non-negative),prevalence,0.25,1,0
6.890140092803242,1148.658757168676,576033797962.696,39689535661.52495,17276469.366479002,4416,F3,Payment-form WLS (non-negative),prevalence,0.25,2,0
1.515444155514246,2561.070402490574,576033797962.696,8729470525.012417,3408524.231322667,413,F3,Payment-form WLS (non-negative),chronic,0.05,1,0
3.5344406245997395,2828.084953484098,576033797962.696,20359572566.618317,3599533.4124485995,902,F3,Payment-form WLS (non-negative),chronic,0.05,2,0
3.075233380503518,2674.107635056368,576033797962.696,17714383637.931023,6624409.3564908495,863,F3,Payment-form WLS (non-negative),chronic,0.1,1,0
6.922299762794444,2880.017370689838,576033797962.696,39874786229.98754,6922664.188729616,1734,F3,Payment-form WLS (non-negative),chronic,0.1,2,0
7.98322161201217,2739.58964550925,576033797962.696,45986054651.45247,16785745.531938717,2204,F3,Payment-form WLS (non-negative),chronic,0.25,1,0
16.510168332311395,2752.418554892218,576033797962.696,95104149694.64764,17276469.366479002,4416,F3,Payment-form WLS (non-negative),chronic,0.25,2,0
5.550203528013561,9379.73328259714,576033797962.696,31971048177.07606,3408524.231322667,413,F3,Payment-form WLS (non-negative),targeted,0.05,1,0
12.234605300316103,9789.52735004825,576033797962.696,70475461577.15616,3599533.4124485995,902,F3,Payment-form WLS (non-negative),targeted,0.05,2,0
11.178713399453665,9720.59000175508,576033797962.696,64393167358.237755,6624409.3564908495,863,F3,Payment-form WLS (non-negative),targeted,0.1,1,0
23.401783632862383,9736.293670784531,576033797962.696,134802183051.38977,6922664.188729616,1734,F3,Payment-form WLS (non-negative),targeted,0.1,2,0
28.176514853406236,9669.29043066776,576033797962.696,162306248643.59912,16785745.531938717,2204,F3,Payment-form WLS (non-negative),targeted,0.25,1,0
58.32226630188588,9722.934660727493,576033797962.696,335955965636.6709,17276469.366479002,4416,F3,Payment-form WLS (non-negative),targeted,0.25,2,0
5.823301064259568,9841.262672860557,576033797962.696,33544182287.25649,3408524.231322667,413,F3,Payment-form WLS (non-negative),own-targeted,0.05,1,0
12.734334769215334,10189.386208044083,576033797962.696,73354072216.39522,3599533.4124485995,902,F3,Payment-form WLS (non-negative),own-targeted,0.05,2,0
11.646880386495319,10127.690458737126,576033797962.696,67089967434.50132,6624409.3564908495,863,F3,Payment-form WLS (non-negative),own-targeted,0.1,1,0
24.301311681308178,10110.541607701492,576033797962.696,139983768632.5918,6922664.188729616,1734,F3,Payment-form WLS (non-negative),own-targeted,0.1,2,0
29.420524594024915,10096.195303154765,576033797962.696,169472165199.51077,16785745.531938717,2204,F3,Payment-form WLS (non-negative),own-targeted,0.25,1,0
60.575109918071334,10098.507365115009,576033797962.696,348933106281.14404,17276469.366479002,4416,F3,Payment-form WLS (non-negative),own-targeted,0.25,2,0
0.16553571829261177,269.1872794495795,554279991189.4722,917531364.7677178,3408524.231322667,413,F3,Tweedie GLM,prevalence,0.05,1,0
0.421483190760755,324.51386401003145,554279991189.4722,2336196992.613819,3599533.4124485995,902,F3,Tweedie GLM,prevalence,0.05,2,0
0.2969667880495651,248.47913195822468,554279991189.4722,1646027486.636788,6624409.3564908495,863,F3,Tweedie GLM,prevalence,0.1,1,0
0.5703108375605654,228.3166403860626,554279991189.4722,3161118860.183307,6922664.188729616,1734,F3,Tweedie GLM,prevalence,0.1,2,0
0.8919385562549804,294.52590840358164,554279991189.4722,4943836951.025611,16785745.531938717,2204,F3,Tweedie GLM,prevalence,0.25,1,0
1.7133320020697442,274.8436694057599,554279991189.4722,9496656470.118586,17276469.366479002,4416,F3,Tweedie GLM,prevalence,0.25,2,0
0.4497961634718647,731.4397569340393,554279991189.4722,2493130135.2624354,3408524.231322667,413,F3,Tweedie GLM,chronic,0.05,1,0
0.9965944061761209,767.3110308747073,554279991189.4722,5523923386.747776,3599533.4124485995,902,F3,Tweedie GLM,chronic,0.05,2,0
0.8786785259249978,735.2110949044412,554279991189.4722,4870339256.080862,6624409.3564908495,863,F3,Tweedie GLM,chronic,0.1,1,0
2.373602641162091,950.2414209059489,554279991189.4722,13156404510.306316,6922664.188729616,1734,F3,Tweedie GLM,chronic,0.1,2,0
2.2191096339455756,732.769400090961,554279991189.4722,12300080683.518265,16785745.531938717,2204,F3,Tweedie GLM,chronic,0.25,1,0
5.118785187521019,821.128480725628,554279991189.4722,28372402086.399513,17276469.366479002,4416,F3,Tweedie GLM,chronic,0.25,2,0
1.6734810843675345,2721.3451269467487,554279991189.4722,9275770806.989853,3408524.231322667,413,F3,Tweedie GLM,targeted,0.05,1,0
4.134627136655445,3183.3863313386564,554279991189.4722,22917410928.771328,3599533.4124485995,902,F3,Tweedie GLM,targeted,0.05,2,0
3.376388458507706,2825.1040422194837,554279991189.4722,18714645650.338867,6624409.3564908495,863,F3,Tweedie GLM,targeted,0.1,1,0
9.611438298065885,3847.8162380340414,554279991189.4722,53274279351.70114,6922664.188729616,1734,F3,Tweedie GLM,targeted,0.1,2,0
8.92427898396355,2946.8749345638344,554279991189.4722,49465492766.03708,16785745.531938717,2204,F3,Tweedie GLM,targeted,0.25,1,0
21.72561860493654,3485.1089749549537,554279991189.4722,120420756889.30057,17276469.366479002,4416,F3,Tweedie GLM,targeted,0.25,2,0
4.235681956458011,6887.889298049421,554279991189.4722,23477537575.069527,3408524.231322667,413,F3,Tweedie GLM,own-targeted,0.05,1,0
12.1560803790744,9359.368775560835,554279991189.4722,67378721254.11874,3599533.4124485995,902,F3,Tweedie GLM,own-targeted,0.05,2,0
9.40857252929087,7872.375057152852,554279991189.4722,52149834986.40854,6624409.3564908495,863,F3,Tweedie GLM,own-targeted,0.1,1,0
26.422127359784277,10577.760325303243,554279991189.4722,146452565201.8834,6922664.188729616,1734,F3,Tweedie GLM,own-targeted,0.1,2,0
23.411885379639635,7730.809213844198,554279991189.4722,129767396219.55591,16785745.531938717,2204,F3,Tweedie GLM,own-targeted,0.25,1,0
68.84448174998064,11043.66810381466,554279991189.4722,381591187378.23047,17276469.366479002,4416,F3,Tweedie GLM,own-targeted,0.25,2,0
0.5370080781658177,863.8668873160259,548317862947.446,2944511218.0539627,3408524.231322667,413,F3,Two-part,prevalence,0.05,1,0
1.0553955396575114,803.843388240165,548317862947.446,5786922268.692732,3599533.4124485995,902,F3,Two-part,prevalence,0.05,2,0
1.0383841003645145,859.4948171078705,548317862947.446,5693645508.304768,6624409.3564908495,863,F3,Two-part,prevalence,0.1,1,0
2.3771320608186404,941.417881900124,548317862947.446,13034239715.319351,6922664.188729616,1734,F3,Two-part,prevalence,0.1,2,0
2.754085033485507,899.6407201949903,548317862947.446,15101140199.363186,16785745.531938717,2204,F3,Two-part,prevalence,0.25,1,0
5.723539908321904,908.2640395018067,548317862947.446,31383191710.254875,17276469.366479002,4416,F3,Two-part,prevalence,0.25,2,0
0.9234541294212518,1485.529690888449,548317862947.446,5063463947.74255,3408524.231322667,413,F3,Two-part,chronic,0.05,1,0
2.086764453857523,1589.3868658875663,548317862947.446,11442102258.138514,3599533.4124485995,902,F3,Two-part,chronic,0.05,2,0
1.8510717541362105,1532.175404280889,548317862947.446,10149757083.903471,6624409.3564908495,863,F3,Two-part,chronic,0.1,1,0
4.523825191832293,1791.5748141962813,548317862947.446,24804941615.333027,6922664.188729616,1734,F3,Two-part,chronic,0.1,2,0
4.749266860241986,1551.380515342677,548317862947.446,26041078553.750122,16785745.531938717,2204,F3,Two-part,chronic,0.25,1,0
10.584617099438113,1679.664549789816,548317862947.446,58037346280.809006,17276469.366479002,4416,F3,Two-part,chronic,0.25,2,0
1.5985899359729587,2571.5980228834997,548317862947.446,8765354174.219872,3408524.231322667,413,F3,Two-part,targeted,0.05,1,0
4.080294487576026,3107.761614167096,548317862947.446,22372983536.239307,3599533.4124485995,902,F3,Two-part,targeted,0.05,2,0
3.3887225422861667,2804.9249412516333,548317862947.446,18580971025.08187,6624409.3564908495,863,F3,Two-part,targeted,0.1,1,0
8.866263859362792,3511.3149498200096,548317862947.446,48615308516.93981,6922664.188729616,1734,F3,Two-part,targeted,0.1,2,0
8.663350686940106,2829.9427782869775,548317862947.446,47502699346.27287,16785745.531938717,2204,F3,Two-part,targeted,0.25,1,0
20.792913816442557,3299.611114526518,548317862947.446,114011260682.82205,17276469.366479002,4416,F3,Two-part,targeted,0.25,2,0
1.9335925841044166,3110.505548953504,548317862947.446,10602233535.271635,3408524.231322667,413,F3,Two-part,own-targeted,0.05,1,0
4.938414228406967,3761.3496331283686,548317862947.446,27078207360.693687,3599533.4124485995,902,F3,Two-part,own-targeted,0.05,2,0
4.061404498644386,3361.719536670528,548317862947.446,22269406352.618332,6624409.3564908495,863,F3,Two-part,own-targeted,0.1,1,0
10.575053177021442,4188.048416403168,548317862947.446,57984905585.799965,6922664.188729616,1734,F3,Two-part,own-targeted,0.1,2,0
10.088733116676048,3295.553701715161,548317862947.446,55318325823.82937,16785745.531938717,2204,F3,Two-part,own-targeted,0.25,1,0
25.197491786654926,3998.570123043099,548317862947.446,138162348480.94452,17276469.366479002,4416,F3,Two-part,own-targeted,0.25,2,0
0.3657142737924355,584.5631619696048,544823608236.537,1992497702.311995,3408524.231322667,413,F3,LightGBM (Tweedie),prevalence,0.05,1,0
0.7556464857811795,571.8714035418614,544823608236.537,4116940449.345613,3599533.4124485995,902,F3,LightGBM (Tweedie),prevalence,0.05,2,0
0.6835993578229734,562.2253225525079,544823608236.537,3724410687.1729193,6624409.3564908495,863,F3,LightGBM (Tweedie),prevalence,0.1,1,0
1.4243131366587058,560.477441355927,544823608236.537,7759994223.730959,6922664.188729616,1734,F3,LightGBM (Tweedie),prevalence,0.1,2,0
1.6479201322675576,534.8739445854958,544823608236.537,8978257925.476421,16785745.531938717,2204,F3,LightGBM (Tweedie),prevalence,0.25,1,0
3.6989600879012396,583.2443941710332,544823608236.537,20152807818.132915,17276469.366479002,4416,F3,LightGBM (Tweedie),prevalence,0.25,2,0
0.6957602406797161,1112.1135690079832,544823608236.537,3790666047.9464436,3408524.231322667,413,F3,LightGBM (Tweedie),chronic,0.05,1,0
1.489087417026741,1126.937697978264,544823608236.537,8112899795.241339,3599533.4124485995,902,F3,LightGBM (Tweedie),chronic,0.05,2,0
1.261524200627404,1037.5387900659919,544823608236.537,6873081668.635351,6624409.3564908495,863,F3,LightGBM (Tweedie),chronic,0.1,1,0
2.7428384973980005,1079.3266336646411,544823608236.537,14943631669.6246,6922664.188729616,1734,F3,LightGBM (Tweedie),chronic,0.1,2,0
3.291346368951714,1068.2892822821116,544823608236.537,17932032046.88497,16785745.531938717,2204,F3,LightGBM (Tweedie),chronic,0.25,1,0
6.84560200148209,1079.400398276759,544823608236.537,37296455829.98732,17276469.366479002,4416,F3,LightGBM (Tweedie),chronic,0.25,2,0
0.7818382637202269,1249.7019677403005,544823608236.537,4259639438.974432,3408524.231322667,413,F3,LightGBM (Tweedie),targeted,0.05,1,0
1.8443011038781287,1395.7625432986015,544823608236.537,10048187820.895103,3599533.4124485995,902,F3,LightGBM (Tweedie),targeted,0.05,2,0
1.5578606159255943,1281.2602546467476,544823608236.537,8487592418.981763,6624409.3564908495,863,F3,LightGBM (Tweedie),targeted,0.1,1,0
3.537929177118094,1392.2005223804797,544823608236.537,19275473399.62802,6922664.188729616,1734,F3,LightGBM (Tweedie),targeted,0.1,2,0
4.037128320090141,1310.3515802025743,544823608236.537,21995228182.654198,16785745.531938717,2204,F3,LightGBM (Tweedie),targeted,0.25,1,0
8.883497079447414,1400.7314891473318,544823608236.537,48399389325.83279,17276469.366479002,4416,F3,LightGBM (Tweedie),targeted,0.25,2,0
1.4271834844443099,2281.2314152415797,544823608236.537,7775632556.105425,3408524.231322667,413,F3,LightGBM (Tweedie),own-targeted,0.05,1,0
3.0022238280347446,2272.0756155044514,544823608236.537,16356824187.235981,3599533.4124485995,902,F3,LightGBM (Tweedie),own-targeted,0.05,2,0
2.612977383994851,2149.039544474456,544823608236.537,14236117665.88542,6624409.3564908495,863,F3,LightGBM (Tweedie),own-targeted,0.1,1,0
5.743125517444258,2259.9611086606187,544823608236.537,31289903669.693092,6922664.188729616,1734,F3,LightGBM (Tweedie),own-targeted,0.1,2,0
6.339632332238842,2057.6871939178327,544823608236.537,34539813621.43378,16785745.531938717,2204,F3,LightGBM (Tweedie),own-targeted,0.25,1,0
15.769301173154316,2486.470870372504,544823608236.537,85914875645.2659,17276469.366479002,4416,F3,LightGBM (Tweedie),own-targeted,0.25,2,0
0.46779510824415144,747.4556994021581,544623237471.47473,2547720863.252487,3408524.231322667,413,F3,LightGBM (squared error),prevalence,0.05,1,0
1.045123284125757,790.6558452671642,544623237471.47473,5691984265.573896,3599533.4124485995,902,F3,LightGBM (squared error),prevalence,0.05,2,0
0.9957121698508458,818.6208858040454,544623237471.47473,5422879855.339146,6624409.3564908495,863,F3,LightGBM (squared error),prevalence,0.1,1,0
2.0178516978069316,793.7470996976064,544623237471.47473,10989689243.96923,6922664.188729616,1734,F3,LightGBM (squared error),prevalence,0.1,2,0
2.6286669115423074,852.8862068558736,544623237471.47473,14316330835.983143,16785745.531938717,2204,F3,LightGBM (squared error),prevalence,0.25,1,0
4.9890383486192285,786.3719605136275,544623237471.47473,27171462172.943443,17276469.366479002,4416,F3,LightGBM (squared error),prevalence,0.25,2,0
0.9886225227932547,1579.6478547900606,544623237471.47473,5384267990.008792,3408524.231322667,413,F3,LightGBM (squared error),chronic,0.05,1,0
1.8175159273453072,1374.9857204873297,544623237471.47473,9898614085.067709,3599533.4124485995,902,F3,LightGBM (squared error),chronic,0.05,2,0
1.737489047027488,1428.4698588805347,544623237471.47473,9462769098.633379,6624409.3564908495,863,F3,LightGBM (squared error),chronic,0.1,1,0
3.5603401226029363,1400.5041348303753,544623237471.47473,19390439640.715984,6922664.188729616,1734,F3,LightGBM (squared error),chronic,0.1,2,0
4.703443213216617,1526.059396749005,544623237471.47473,25616044700.452698,16785745.531938717,2204,F3,LightGBM (squared error),chronic,0.25,1,0
8.61099639391637,1357.2647959568933,544623237471.47473,46897487339.09928,17276469.366479002,4416,F3,LightGBM (squared error),chronic,0.25,2,0
1.579005293058282,2522.977442223699,544623237471.47473,8599629746.899963,3408524.231322667,413,F3,LightGBM (squared error),targeted,0.05,1,0
3.3034178142591917,2499.0990478109284,544623237471.47473,17991181047.227837,3599533.4124485995,902,F3,LightGBM (squared error),targeted,0.05,2,0
3.2522314821896243,2673.809457595245,544623237471.47473,17712408388.36766,6624409.3564908495,863,F3,LightGBM (squared error),targeted,0.1,1,0
6.4278055638008755,2528.457383281518,544623237471.47473,35007322759.94391,6922664.188729616,1734,F3,LightGBM (squared error),targeted,0.1,2,0
8.353393543461486,2710.306924918488,544623237471.47473,45494522355.13309,16785745.531938717,2204,F3,LightGBM (squared error),targeted,0.25,1,0
15.566986890543095,2453.6676499578857,544623237471.47473,84781427980.03586,17276469.366479002,4416,F3,LightGBM (squared error),targeted,0.25,2,0
2.802302972043846,4477.595620372685,544623237471.47473,15261993170.104548,3408524.231322667,413,F3,LightGBM (squared error),own-targeted,0.05,1,0
5.366556412815473,4059.903038422765,544623237471.47473,29227513276.208668,3599533.4124485995,902,F3,LightGBM (squared error),own-targeted,0.05,2,0
5.603919594845698,4607.240688234655,544623237471.47473,30520248322.746994,6624409.3564908495,863,F3,LightGBM (squared error),own-targeted,0.1,1,0
10.26518155083201,4037.9370261440695,544623237471.47473,55906564094.46583,6922664.188729616,1734,F3,LightGBM (squared error),own-targeted,0.1,2,0
13.798014018329757,4476.84557772014,544623237471.47473,75147190653.39545,16785745.531938717,2204,F3,LightGBM (squared error),own-targeted,0.25,1,0
25.946143115234626,4089.629704879109,544623237471.47473,141308724633.17297,17276469.366479002,4416,F3,LightGBM (squared error),own-targeted,0.25,2,0
0.16553571829261177,269.1872794495795,554279991189.4722,917531364.7677178,3408524.231322667,413,F3,CANN,prevalence,0.05,1,0
0.421483190760755,324.51386401003145,554279991189.4722,2336196992.613819,3599533.4124485995,902,F3,CANN,prevalence,0.05,2,0
0.2969667880495651,248.47913195822468,554279991189.4722,1646027486.636788,6624409.3564908495,863,F3,CANN,prevalence,0.1,1,0
0.5703108375605654,228.3166403860626,554279991189.4722,3161118860.183307,6922664.188729616,1734,F3,CANN,prevalence,0.1,2,0
0.8919385562549804,294.52590840358164,554279991189.4722,4943836951.025611,16785745.531938717,2204,F3,CANN,prevalence,0.25,1,0
1.7133320020697442,274.8436694057599,554279991189.4722,9496656470.118586,17276469.366479002,4416,F3,CANN,prevalence,0.25,2,0
0.4497961634718647,731.4397569340393,554279991189.4722,2493130135.2624354,3408524.231322667,413,F3,CANN,chronic,0.05,1,0
0.9965944061761209,767.3110308747073,554279991189.4722,5523923386.747776,3599533.4124485995,902,F3,CANN,chronic,0.05,2,0
0.8786785259249978,735.2110949044412,554279991189.4722,4870339256.080862,6624409.3564908495,863,F3,CANN,chronic,0.1,1,0
2.373602641162091,950.2414209059489,554279991189.4722,13156404510.306316,6922664.188729616,1734,F3,CANN,chronic,0.1,2,0
2.2191096339455756,732.769400090961,554279991189.4722,12300080683.518265,16785745.531938717,2204,F3,CANN,chronic,0.25,1,0
5.118785187521019,821.128480725628,554279991189.4722,28372402086.399513,17276469.366479002,4416,F3,CANN,chronic,0.25,2,0
1.6734810843675345,2721.3451269467487,554279991189.4722,9275770806.989853,3408524.231322667,413,F3,CANN,targeted,0.05,1,0
4.134627136655445,3183.3863313386564,554279991189.4722,22917410928.771328,3599533.4124485995,902,F3,CANN,targeted,0.05,2,0
3.376388458507706,2825.1040422194837,554279991189.4722,18714645650.338867,6624409.3564908495,863,F3,CANN,targeted,0.1,1,0
9.611438298065885,3847.8162380340414,554279991189.4722,53274279351.70114,6922664.188729616,1734,F3,CANN,targeted,0.1,2,0
8.92427898396355,2946.8749345638344,554279991189.4722,49465492766.03708,16785745.531938717,2204,F3,CANN,targeted,0.25,1,0
21.72561860493654,3485.1089749549537,554279991189.4722,120420756889.30057,17276469.366479002,4416,F3,CANN,targeted,0.25,2,0
4.235681956458011,6887.889298049421,554279991189.4722,23477537575.069527,3408524.231322667,413,F3,CANN,own-targeted,0.05,1,0
12.1560803790744,9359.368775560835,554279991189.4722,67378721254.11874,3599533.4124485995,902,F3,CANN,own-targeted,0.05,2,0
9.40857252929087,7872.375057152852,554279991189.4722,52149834986.40854,6624409.3564908495,863,F3,CANN,own-targeted,0.1,1,0
26.422127359784277,10577.760325303243,554279991189.4722,146452565201.8834,6922664.188729616,1734,F3,CANN,own-targeted,0.1,2,0
23.411885379639635,7730.809213844198,554279991189.4722,129767396219.55591,16785745.531938717,2204,F3,CANN,own-targeted,0.25,1,0
68.84448174998064,11043.66810381466,554279991189.4722,381591187378.23047,17276469.366479002,4416,F3,CANN,own-targeted,0.25,2,0
-0.09494632827473137,-150.74320953993782,541160350021.6365,-513811882.4242283,3408524.231322667,413,F3,Constrained WLS,prevalence,0.05,1,0
-0.0457319009046694,-34.37708261734197,541160350021.6365,-247482915.00725687,3599533.4124485995,902,F3,Constrained WLS,prevalence,0.05,2,0
-0.06755761770082597,-55.18907735643551,541160350021.6365,-365595040.41606885,6624409.3564908495,863,F3,Constrained WLS,prevalence,0.1,1,0
0.13595483477317644,53.13948789597973,541160350021.6365,735733659.7298591,6922664.188729616,1734,F3,Constrained WLS,prevalence,0.1,2,0
0.7762521413391426,250.25810126386276,541160350021.6365,4200768805.121352,16785745.531938717,2204,F3,Constrained WLS,prevalence,0.25,1,0
0.02180854149735143,3.415604687456282,541160350021.6365,118019179.50168085,17276469.366479002,4416,F3,Constrained WLS,prevalence,0.25,2,0
-0.1724353499316659,-273.77001890613826,541160350021.6365,-933151743.2512369,3408524.231322667,413,F3,Constrained WLS,chronic,0.05,1,0
0.20755104751766176,156.01799546237586,541160350021.6365,1123183975.2201514,3599533.4124485995,902,F3,Constrained WLS,chronic,0.05,2,0
-0.36889035613046056,-301.35340903647835,541160350021.6365,-1996288342.4316616,6624409.3564908495,863,F3,Constrained WLS,chronic,0.1,1,0
1.1738953409767519,458.8302973340712,541160350021.6365,6352656136.117473,6922664.188729616,1734,F3,Constrained WLS,chronic,0.1,2,0
-0.9424838450206839,-303.85000564358205,541160350021.6365,-5100348874.611311,16785745.531938717,2204,F3,Constrained WLS,chronic,0.25,1,0
0.8512367347720249,133.31878162395256,541160350021.6365,4606555693.405039,17276469.366479002,4416,F3,Constrained WLS,chronic,0.25,2,0
8.766278370062075,13917.936177584437,541160350021.6365,47439622711.298935,3408524.231322667,413,F3,Constrained WLS,targeted,0.05,1,0
18.38420421563892,13819.572217051156,541160350021.6365,99488023882.04402,3599533.4124485995,902,F3,Constrained WLS,targeted,0.05,2,0
17.138980946655305,14001.15305226149,541160350021.6365,92749369281.06143,6624409.3564908495,863,F3,Constrained WLS,targeted,0.1,1,0
35.38035486297954,13828.812650417827,541160350021.6365,191464452215.39716,6922664.188729616,1734,F3,Constrained WLS,targeted,0.1,2,0
43.50412175440048,14025.4156189845,541160350021.6365,235427057559.95255,16785745.531938717,2204,F3,Constrained WLS,targeted,0.25,1,0
89.64501485828751,14040.000473862046,541160350021.6365,485123276184.0567,17276469.366479002,4416,F3,Constrained WLS,targeted,0.25,2,0
8.847754680261287,14047.293475797827,541160350021.6365,47880540196.757706,3408524.231322667,413,F3,Constrained WLS,own-targeted,0.05,1,0
19.64628563850525,14768.290212267017,541160350021.6365,106317908127.58551,3599533.4124485995,902,F3,Constrained WLS,own-targeted,0.05,2,0
17.973712979606738,14683.061211641241,541160350021.6365,97266608072.32411,6624409.3564908495,863,F3,Constrained WLS,own-targeted,0.1,1,0
37.474322711054974,14647.263713986245,541160350021.6365,202796175951.3827,6922664.188729616,1734,F3,Constrained WLS,own-targeted,0.1,2,0
45.20089853517813,14572.444236121033,541160350021.6365,244609340725.8947,16785745.531938717,2204,F3,Constrained WLS,own-targeted,0.25,1,0
93.913989938311,14708.597743227041,541160350021.6365,508225276669.4483,17276469.366479002,4416,F3,Constrained WLS,own-targeted,0.25,2,0
0.16198456908638192,245.4935075376069,489683606946.4593,793211880.5988742,3231091.07265235,438,F3,WLS,prevalence,0.05,1,1
0.552893465486141,439.9134485279868,489683606946.4593,2707428664.3638124,3077228.797418283,854,F3,WLS,prevalence,0.05,2,1
0.5946297528402261,502.60079948821095,489683606946.4593,2911804421.684835,5793473.517451366,816,F3,WLS,prevalence,0.1,1,1
0.8318302229178256,317.2610970945368,489683606946.4593,4073336239.2547817,6419533.11729395,1770,F3,WLS,prevalence,0.1,2,1
1.289587229475591,409.22340913525755,489683606946.4593,6314897260.016987,15431417.458158584,2117,F3,WLS,prevalence,0.25,1,1
2.3501915829765667,372.488676192079,489683606946.4593,11508502913.671741,15448124.532700183,4258,F3,WLS,prevalence,0.25,2,1
0.5436070052498566,823.8561931762484,489683606946.4593,2661954390.9211264,3231091.07265235,438,F3,WLS,chronic,0.05,1,1
1.3918084441984342,1107.4018605724552,489683606946.4593,6815457791.33629,3077228.797418283,854,F3,WLS,chronic,0.05,2,1
1.05673996528724,893.1916858644304,489683606946.4593,5174682378.063318,5793473.517451366,816,F3,WLS,chronic,0.1,1,1
2.595188471023471,989.8081589244408,489683606946.4593,12708212511.9664,6419533.11729395,1770,F3,WLS,chronic,0.1,2,1
2.7660779263334256,877.7567062355695,489683606946.4593,13545030160.619343,15431417.458158584,2117,F3,WLS,chronic,0.25,1,1
6.359165573376126,1007.8825842415308,489683606946.4593,31139791351.405704,15448124.532700183,4258,F3,WLS,chronic,0.25,2,1
5.295681822525317,8025.798461837454,489683606946.4593,25932085760.949966,3231091.07265235,438,F3,WLS,targeted,0.05,1,1
10.187893909131473,8106.067122465638,489683606946.4593,49888446366.11363,3077228.797418283,854,F3,WLS,targeted,0.05,2,1
9.423506626290397,7965.06051325793,489683606946.4593,46145367148.45741,5793473.517451366,816,F3,WLS,targeted,0.1,1,1
21.207347037313234,8088.508931452037,489683606946.4593,103848901909.9685,6419533.11729395,1770,F3,WLS,targeted,0.1,2,1
25.393861244225167,8058.20826381424,489683606946.4593,124349575683.70082,15431417.458158584,2117,F3,WLS,targeted,0.25,1,1
51.021607664693136,8086.562488723997,489683606946.4593,249844448734.54047,15448124.532700183,4258,F3,WLS,targeted,0.25,2,1
5.580385957660062,8457.27793632627,489683606946.4593,27326235239.003506,3231091.07265235,438,F3,WLS,own-targeted,0.05,1,1
10.582120941226181,8419.736543462046,489683606946.4593,51818911516.43297,3077228.797418283,854,F3,WLS,own-targeted,0.05,2,1
10.086773038588735,8525.675294981429,489683606946.4593,49393274039.86429,5793473.517451366,816,F3,WLS,own-targeted,0.1,1,1
22.04531495812328,8408.110954270685,489683606946.4593,107952293449.64542,6419533.11729395,1770,F3,WLS,own-targeted,0.1,2,1
26.494343990711407,8407.42333893154,489683606946.4593,129738459290.5181,15431417.458158584,2117,F3,WLS,own-targeted,0.25,1,1
53.21306249811424,8433.892517368688,489683606946.4593,260575643807.43945,15448124.532700183,4258,F3,WLS,own-targeted,0.25,2,1
0.7666795857314602,1215.8493111505484,512406998707.4187,3928519854.9490466,3231091.07265235,438,F3,Payment-form WLS (non-negative),prevalence,0.05,1,1
1.470107252728488,1223.9799097496539,512406998707.4187,7532932451.486132,3077228.797418283,854,F3,Payment-form WLS (non-negative),prevalence,0.05,2,1
1.5666799529164708,1385.6588283192193,512406998707.4187,8027777726.090088,5793473.517451366,816,F3,Payment-form WLS (non-negative),prevalence,0.1,1,1
2.985935226630813,1191.6864356465874,512406998707.4187,15300141078.126509,6419533.11729395,1770,F3,Payment-form WLS (non-negative),prevalence,0.1,2,1
4.034966772897483,1339.8284503614716,512406998707.4187,20675452139.845577,15431417.458158584,2117,F3,Payment-form WLS (non-negative),prevalence,0.25,1,1
7.5067916624276645,1244.9836799037303,512406998707.4187,38465325856.66434,15448124.532700183,4258,F3,Payment-form WLS (non-negative),prevalence,0.25,2,1
1.7960392695031955,2848.273449907233,512406998707.4187,9203030916.467972,3231091.07265235,438,F3,Payment-form WLS (non-negative),chronic,0.05,1,1
3.4248413723243822,2851.449801383085,512406998707.4187,17549126886.41734,3077228.797418283,854,F3,Payment-form WLS (non-negative),chronic,0.05,2,1
3.16511801658599,2799.4062949425042,512406998707.4187,16218286234.33605,5793473.517451366,816,F3,Payment-form WLS (non-negative),chronic,0.1,1,1
7.037488522616577,2808.6609309618625,512406998707.4187,36060583723.11867,6419533.11729395,1770,F3,Payment-form WLS (non-negative),chronic,0.1,2,1
8.44823851503385,2805.274728384856,512406998707.4187,43289365418.52915,15431417.458158584,2117,F3,Payment-form WLS (non-negative),chronic,0.25,1,1
16.742748859739905,2776.745382642199,512406998707.4187,85791016933.31381,15448124.532700183,4258,F3,Payment-form WLS (non-negative),chronic,0.25,2,1
5.584525189988442,8856.295682990312,512406998707.4187,28615497918.079544,3231091.07265235,438,F3,Payment-form WLS (non-negative),targeted,0.05,1,1
10.657788239823565,8873.446929602638,512406998707.4187,54611252848.272156,3077228.797418283,854,F3,Payment-form WLS (non-negative),targeted,0.05,2,1
9.8967776176903,8753.260199912555,512406998707.4187,50711781159.55444,5793473.517451366,816,F3,Payment-form WLS (non-negative),targeted,0.1,1,1
22.226252064042125,8870.494866650984,512406998707.4187,113888871126.50395,6419533.11729395,1770,F3,Payment-form WLS (non-negative),targeted,0.1,2,1
26.682844103713666,8860.15565403114,512406998707.4187,136724760641.61864,15431417.458158584,2117,F3,Payment-form WLS (non-negative),targeted,0.25,1,1
53.42524818022971,8860.451317984527,512406998707.4187,273754710752.30487,15448124.532700183,4258,F3,Payment-form WLS (non-negative),targeted,0.25,2,1
5.606047734283609,8890.427504343716,512406998707.4187,28725780941.34789,3231091.07265235,438,F3,Payment-form WLS (non-negative),own-targeted,0.05,1,1
10.666777695934282,8880.9313588228,512406998707.4187,54657315450.529205,3077228.797418283,854,F3,Payment-form WLS (non-negative),own-targeted,0.05,2,1
10.142201387907809,8970.326623241843,512406998707.4187,51969349734.640564,5793473.517451366,816,F3,Payment-form WLS (non-negative),own-targeted,0.1,1,1
22.177927517153652,8851.20854505829,512406998707.4187,113641252766.15378,6419533.11729395,1770,F3,Payment-form WLS (non-negative),own-targeted,0.1,2,1
26.716884568237838,8871.458939882055,512406998707.4187,136899186364.233,15431417.458158584,2117,F3,Payment-form WLS (non-negative),own-targeted,0.25,1,1
53.587019666839446,8887.280737230427,512406998707.4187,274583639171.6062,15448124.532700183,4258,F3,Payment-form WLS (non-negative),own-targeted,0.25,2,1
0.13180133418435575,199.00280974124192,487852574457.4608,642996201.9876609,3231091.07265235,438,F3,Tweedie GLM,prevalence,0.05,1,1
0.291400420592026,230.98777299737318,487852574457.4608,1421604453.8380678,3077228.797418283,854,F3,Tweedie GLM,prevalence,0.05,2,1
0.5949122162580938,500.95932155979,487852574457.4608,2902294562.777047,5793473.517451366,816,F3,Tweedie GLM,prevalence,0.1,1,1
0.7544677489853301,286.6789741266824,487852574457.4608,3680690336.876186,6419533.11729395,1770,F3,Tweedie GLM,prevalence,0.1,2,1
1.044720665515078,330.28052519632956,487852574457.4608,5096696662.604426,15431417.458158584,2117,F3,Tweedie GLM,prevalence,0.25,1,1
1.8833062340609583,297.3745430500588,487852574457.4608,9187757947.784239,15448124.532700183,4258,F3,Tweedie GLM,prevalence,0.25,2,1
0.6442574347582987,972.7446274121568,487852574457.4608,3143026481.6019564,3231091.07265235,438,F3,Tweedie GLM,chronic,0.05,1,1
1.1986360915319283,950.1368627221946,487852574457.4608,5847577030.914799,3077228.797418283,854,F3,Tweedie GLM,chronic,0.05,2,1
1.175377880383882,989.753596315535,487852574457.4608,5734111249.056303,5793473.517451366,816,F3,Tweedie GLM,chronic,0.1,1,1
2.5521371991995427,969.7486407882168,487852574457.4608,12450667029.981504,6419533.11729395,1770,F3,Tweedie GLM,chronic,0.1,2,1
3.002081960526919,949.0854726381854,487852574457.4608,14645734131.753586,15431417.458158584,2117,F3,Tweedie GLM,chronic,0.25,1,1
6.309863759721783,996.3291249821543,487852574457.4608,30782832796.56105,15448124.532700183,4258,F3,Tweedie GLM,chronic,0.25,2,1
1.9824534409754586,2993.2459134555297,487852574457.4608,9671450149.219294,3231091.07265235,438,F3,Tweedie GLM,targeted,0.05,1,1
4.172566814019103,3307.5172441236723,487852574457.4608,20355974623.14984,3077228.797418283,854,F3,Tweedie GLM,targeted,0.05,2,1
3.495112580757162,2943.1388016271444,487852574457.4608,17050996705.410416,5793473.517451366,816,F3,Tweedie GLM,targeted,0.1,1,1
8.7975129963911,3342.836064316111,487852574457.4608,42918893641.12369,6419533.11729395,1770,F3,Tweedie GLM,targeted,0.1,2,1
9.386832139542454,2967.575880629617,487852574457.4608,45793902252.75821,15431417.458158584,2117,F3,Tweedie GLM,targeted,0.25,1,1
21.13158921107569,3336.6834197830117,487852574457.4608,103091001990.00777,15448124.532700183,4258,F3,Tweedie GLM,targeted,0.25,2,1
3.8026912860871116,5741.567452203337,487852574457.4608,18551527337.8455,3231091.07265235,438,F3,Tweedie GLM,own-targeted,0.05,1,1
9.099747107828634,7213.202764107957,487852574457.4608,44393350534.660324,3077228.797418283,854,F3,Tweedie GLM,own-targeted,0.05,2,1
8.061242225661163,6788.151807836416,487852574457.4608,39326977731.13989,5793473.517451366,816,F3,Tweedie GLM,own-targeted,0.1,1,1
18.768396699114934,7131.52380461726,487852574457.4608,91562106481.0213,6419533.11729395,1770,F3,Tweedie GLM,own-targeted,0.1,2,1
18.801435341157575,5943.931372182407,487852574457.4608,91723286346.79211,15431417.458158584,2117,F3,Tweedie GLM,own-targeted,0.25,1,1
50.707287772753865,8006.693897155355,487852574457.4608,247376808836.93298,15448124.532700183,4258,F3,Tweedie GLM,own-targeted,0.25,2,1
0.5374230914155405,804.3657537885089,483600174188.23096,2598979006.2133293,3231091.07265235,438,F3,Two-part,prevalence,0.05,1,1
1.0611427193935705,833.8164590943635,483600174188.23096,5131688039.373038,3077228.797418283,854,F3,Two-part,prevalence,0.05,2,1
1.1849484069407672,989.1151729173881,483600174188.23096,5730412560.006218,5793473.517451366,816,F3,Two-part,prevalence,0.1,1,1
2.2739800098231053,856.5242275084393,483600174188.23096,10996971288.510088,6419533.11729395,1770,F3,Two-part,prevalence,0.1,2,1
2.7092806706283024,849.0526601287347,483600174188.23096,13102086042.406544,15431417.458158584,2117,F3,Two-part,prevalence,0.25,1,1
5.65710698269378,885.472510414176,483600174188.23096,27357779222.3217,15448124.532700183,4258,F3,Two-part,prevalence,0.25,2,1
0.954210930677017,1428.1756902287414,483600174188.23096,4614565722.877194,3231091.07265235,438,F3,Two-part,chronic,0.05,1,1
1.9135769018368105,1503.6355499910333,483600174188.23096,9254061230.50857,3077228.797418283,854,F3,Two-part,chronic,0.05,2,1
1.808207844691787,1509.3702008430978,483600174188.23096,8744496286.614738,5793473.517451366,816,F3,Two-part,chronic,0.1,1,1
4.121300654600321,1552.3416407632214,483600174188.23096,19930617144.467857,6419533.11729395,1770,F3,Two-part,chronic,0.1,2,1
4.526659126009749,1418.594985045711,483600174188.23096,21890931418.2906,15431417.458158584,2117,F3,Two-part,chronic,0.25,1,1
9.771153869463026,1529.4192195595876,483600174188.23096,47253317132.92326,15448124.532700183,4258,F3,Two-part,chronic,0.25,2,1
1.6960687473242528,2538.5206519973412,483600174188.23096,8202191416.412234,3231091.07265235,438,F3,Two-part,targeted,0.05,1,1
3.8057183894971622,2990.427747225472,483600174188.23096,18404460760.721813,3077228.797418283,854,F3,Two-part,targeted,0.05,2,1
3.12871647818757,2611.641926522016,483600174188.23096,15130478338.370972,5793473.517451366,816,F3,Two-part,targeted,0.1,1,1
7.95340418424243,2995.7534127578238,483600174188.23096,38462676488.89044,6419533.11729395,1770,F3,Two-part,targeted,0.1,2,1
8.007881647434072,2509.563991822674,483600174188.23096,38726129595.77856,15431417.458158584,2117,F3,Two-part,targeted,0.25,1,1
18.820196748422962,2945.8108026409327,483600174188.23096,91014504257.94122,15448124.532700183,4258,F3,Two-part,targeted,0.25,2,1
1.985676644156309,2971.9792769790915,483600174188.23096,9602735709.95493,3231091.07265235,438,F3,Two-part,own-targeted,0.05,1,1
4.576909501888205,3596.408291469726,483600174188.23096,22133942323.569054,3077228.797418283,854,F3,Two-part,own-targeted,0.05,2,1
3.944711441387759,3292.7795983378146,483600174188.23096,19076631401.77428,5793473.517451366,816,F3,Two-part,own-targeted,0.1,1,1
9.501962221909714,3579.0379936403688,483600174188.23096,45951505856.455284,6419533.11729395,1770,F3,Two-part,own-targeted,0.1,2,1
9.580514605425554,3002.406321103801,483600174188.23096,46331385319.96688,15431417.458158584,2117,F3,Two-part,own-targeted,0.25,1,1
23.23219503849482,3636.3940307475186,483600174188.23096,112350935673.91049,15448124.532700183,4258,F3,Two-part,own-targeted,0.25,2,1
0.38725712720964434,584.7640730607176,487899600373.6446,1889425976.0743113,3231091.07265235,438,F3,LightGBM (Tweedie),prevalence,0.05,1,1
0.691987706893831,548.5788478585504,487899600373.6446,3376205256.5697484,3077228.797418283,854,F3,LightGBM (Tweedie),prevalence,0.05,2,1
0.7322457712241457,616.6635923671518,487899600373.6446,3572624191.555519,5793473.517451366,816,F3,LightGBM (Tweedie),prevalence,0.1,1,1
1.5189138910339088,577.2051229403198,487899600373.6446,7410774804.374216,6419533.11729395,1770,F3,LightGBM (Tweedie),prevalence,0.1,2,1
1.7802089382198794,562.8538220122224,487899600373.6446,8685632295.390694,15431417.458158584,2117,F3,LightGBM (Tweedie),prevalence,0.25,1,1
3.5836270965146637,565.9101933625002,487899600373.6446,17484502282.776688,15448124.532700183,4258,F3,LightGBM (Tweedie),prevalence,0.25,2,1
0.5618107540205457,848.3426688039159,487899600373.6446,2741072423.722402,3231091.07265235,438,F3,LightGBM (Tweedie),chronic,0.05,1,1
1.0652467694413676,844.4829866823721,487899600373.6446,5197334731.097591,3077228.797418283,854,F3,LightGBM (Tweedie),chronic,0.05,2,1
0.9910940787951112,834.6536900880541,487899600373.6446,4835544049.768202,5793473.517451366,816,F3,LightGBM (Tweedie),chronic,0.1,1,1
2.2032952463923006,837.278078154925,487899600373.6446,10749868702.199543,6419533.11729395,1770,F3,LightGBM (Tweedie),chronic,0.1,2,1
2.569658987483095,812.4565332309744,487899600373.6446,12537355930.895462,15431417.458158584,2117,F3,LightGBM (Tweedie),chronic,0.25,1,1
5.216020755178226,823.6904216447526,487899600373.6446,25448944419.92092,15448124.532700183,4258,F3,LightGBM (Tweedie),chronic,0.25,2,1
1.0838001217632438,1636.5544467897723,487899600373.6446,5287856462.93194,3231091.07265235,438,F3,LightGBM (Tweedie),targeted,0.05,1,1
2.038914719162438,1616.3661238155175,487899600373.6446,9947856766.752953,3077228.797418283,854,F3,LightGBM (Tweedie),targeted,0.05,2,1
1.9313354445758435,1626.4815723375214,487899600373.6446,9422977915.960093,5793473.517451366,816,F3,LightGBM (Tweedie),targeted,0.1,1,1
4.289702516063738,1630.1373519446552,487899600373.6446,20929441433.093155,6419533.11729395,1770,F3,LightGBM (Tweedie),targeted,0.1,2,1
5.016213657928589,1585.990817582498,487899600373.6446,24474086390.92177,15431417.458158584,2117,F3,LightGBM (Tweedie),targeted,0.25,1,1
10.09191447378409,1593.6695190220667,487899600373.6446,49238410387.64258,15448124.532700183,4258,F3,LightGBM (Tweedie),targeted,0.25,2,1
1.4829415261857142,2239.2639567709903,487899600373.6446,7235265780.034925,3231091.07265235,438,F3,LightGBM (Tweedie),own-targeted,0.05,1,1
3.7928682531339657,3006.826964778343,487899600373.6446,18505389049.739452,3077228.797418283,854,F3,LightGBM (Tweedie),own-targeted,0.05,2,1
3.217774259435336,2709.860967763161,487899600373.6446,15699507752.711006,5793473.517451366,816,F3,LightGBM (Tweedie),own-targeted,0.1,1,1
7.051135265291776,2679.5142382305753,487899600373.6446,34402460781.1637,6419533.11729395,1770,F3,LightGBM (Tweedie),own-targeted,0.1,2,1
7.480993430482199,2365.2873853142933,487899600373.6446,36499737051.301254,15431417.458158584,2117,F3,LightGBM (Tweedie),own-targeted,0.25,1,1
17.30820908898136,2733.2341475568887,487899600373.6446,84446682976.97488,15448124.532700183,4258,F3,LightGBM (Tweedie),own-targeted,0.25,2,1
0.4893285097091294,744.7499490292045,491766750540.85046,2406354911.6665554,3231091.07265235,438,F3,LightGBM (squared error),prevalence,0.05,1,1
0.8535627426184555,682.0321203811313,491766750540.85046,4197537763.202142,3077228.797418283,854,F3,LightGBM (squared error),prevalence,0.05,2,1
0.813121657267227,690.2011271548924,491766750540.85046,3998661951.886953,5793473.517451366,816,F3,LightGBM (squared error),prevalence,0.1,1,1
2.0394198474986327,781.1462711292029,491766750540.85046,10029188713.929193,6419533.11729395,1770,F3,LightGBM (squared error),prevalence,0.1,2,1
2.4937830993215995,794.7161138192772,491766750540.85046,12263596113.07074,15431417.458158584,2117,F3,LightGBM (squared error),prevalence,0.25,1,1
4.74936432410161,755.9427216728471,491766750540.85046,23355794607.98091,15448124.532700183,4258,F3,LightGBM (squared error),prevalence,0.25,2,1
0.8076826414523716,1229.2797049797657,491766750540.85046,3971914680.552836,3231091.07265235,438,F3,LightGBM (squared error),chronic,0.05,1,1
1.5730895104678997,1256.9639240373047,491766750540.85046,7735931168.726961,3077228.797418283,854,F3,LightGBM (squared error),chronic,0.05,2,1
1.4275008700895635,1211.70393230174,491766750540.85046,7019974642.781815,5793473.517451366,816,F3,LightGBM (squared error),chronic,0.1,1,1
3.2405025554008176,1241.1894935908724,491766750540.85046,15935714117.887823,6419533.11729395,1770,F3,LightGBM (squared error),chronic,0.1,2,1
3.7300364395599526,1188.6839976009876,491766750540.85046,18343078992.813614,15431417.458158584,2117,F3,LightGBM (squared error),chronic,0.25,1,1
7.804715538816745,1242.254226814137,491766750540.85046,38380995994.19593,15448124.532700183,4258,F3,LightGBM (squared error),chronic,0.25,2,1
2.232691003772095,3398.119010571536,491766750540.85046,10979631998.86793,3231091.07265235,438,F3,LightGBM (squared error),targeted,0.05,1,1
4.282779821868386,3422.119145071578,491766750540.85046,21061287162.82139,3077228.797418283,854,F3,LightGBM (squared error),targeted,0.05,2,1
3.911187870762966,3319.9291308852303,491766750540.85046,19233921499.598915,5793473.517451366,816,F3,LightGBM (squared error),targeted,0.1,1,1
9.35187258571951,3581.989460076151,491766750540.85046,45989399929.51345,6419533.11729395,1770,F3,LightGBM (squared error),targeted,0.1,2,1
11.144651495968597,3551.565542791489,491766750540.85046,54805690520.82705,15431417.458158584,2117,F3,LightGBM (squared error),targeted,0.25,1,1
21.295465620735957,3389.538292300794,491766750540.85046,104724019295.63718,15448124.532700183,4258,F3,LightGBM (squared error),targeted,0.25,2,1
3.2055175386079044,4878.745006927026,491766750540.85046,15763669437.629143,3231091.07265235,438,F3,LightGBM (squared error),own-targeted,0.05,1,1
6.213838988549899,4965.115707917026,491766750540.85046,30557594077.832283,3077228.797418283,854,F3,LightGBM (squared error),own-targeted,0.05,2,1
6.201684674550209,5264.168915411201,491766750540.85046,30497823202.825478,5793473.517451366,816,F3,LightGBM (squared error),own-targeted,0.1,1,1
13.181000002123684,5048.636264887499,491766750540.85046,64819775399.23306,6419533.11729395,1770,F3,LightGBM (squared error),own-targeted,0.1,2,1
15.683352593775933,4997.953923247657,491766750540.85046,77125513426.2761,15431417.458158584,2117,F3,LightGBM (squared error),own-targeted,0.25,1,1
30.337879488606365,4828.793418525137,491766750540.85046,149191604144.1187,15448124.532700183,4258,F3,LightGBM (squared error),own-targeted,0.25,2,1
0.14069317615113056,212.44404723925658,487888668982.4582,686426064.4728961,3231091.07265235,438,F3,CANN,prevalence,0.05,1,1
0.39415944580988227,312.46608562936007,487888668982.4582,1923059273.8304682,3077228.797418283,854,F3,CANN,prevalence,0.05,2,1
0.6700436892334722,564.2672271056235,487888668982.4582,3269067237.0021462,5793473.517451366,816,F3,CANN,prevalence,0.1,1,1
0.8547901748967931,324.82303079501554,487888668982.4582,4170424406.89679,6419533.11729395,1770,F3,CANN,prevalence,0.1,2,1
1.2369598947641822,391.08443425727495,487888668982.4582,6034987166.411785,15431417.458158584,2117,F3,CANN,prevalence,0.25,1,1
2.106773008061473,332.6846170146779,487888668982.4582,10278706787.512817,15448124.532700183,4258,F3,CANN,prevalence,0.25,2,1
0.6960638243968358,1051.0432704486975,487888668982.4582,3396016528.118117,3231091.07265235,438,F3,CANN,chronic,0.05,1,1
1.3528729994063515,1072.4769759343817,487888668982.4582,6600514069.826708,3077228.797418283,854,F3,CANN,chronic,0.05,2,1
1.3340310954958416,1123.434246488105,487888668982.4582,6508586555.626768,5793473.517451366,816,F3,CANN,chronic,0.1,1,1
2.8112705948727617,1068.29191751266,487888668982.4582,13715870686.819952,6419533.11729395,1770,F3,CANN,chronic,0.1,2,1
3.2765851544829916,1035.944218451044,487888668982.4582,15986087698.28389,15431417.458158584,2117,F3,CANN,chronic,0.25,1,1
7.059737103566069,1114.8167958945376,487888668982.4582,34443657388.24924,15448124.532700183,4258,F3,CANN,chronic,0.25,2,1
2.035843134967938,3074.084806161862,487888668982.4582,9932647973.765823,3231091.07265235,438,F3,CANN,targeted,0.05,1,1
4.271989035815303,3386.577959916761,487888668982.4582,20842550445.915833,3077228.797418283,854,F3,CANN,targeted,0.05,2,1
3.559593255637209,2997.657985974131,487888668982.4582,17366852156.11773,5793473.517451366,816,F3,CANN,targeted,0.1,1,1
8.884552155638822,3376.1585511899852,487888668982.4582,43346723257.19855,6419533.11729395,1770,F3,CANN,targeted,0.1,2,1
9.686021836474515,3062.3889959208514,487888668982.4582,47257003015.32576,15431417.458158584,2117,F3,CANN,targeted,0.25,1,1
21.477876581351538,3391.6132005745535,487888668982.4582,104788126178.45111,15448124.532700183,4258,F3,CANN,targeted,0.25,2,1
4.202715462959974,6346.021226979376,487888668982.4582,20504572533.355373,3231091.07265235,438,F3,CANN,own-targeted,0.05,1,1
10.007201535677462,7933.112158538713,487888668982.4582,48824002374.80888,3077228.797418283,854,F3,CANN,own-targeted,0.05,2,1
9.050437232597321,7621.68975454932,487888668982.4582,44156057751.2119,5793473.517451366,816,F3,CANN,own-targeted,0.1,1,1
20.564121307352416,7814.432599786345,487888668982.4582,100330017734.37979,6419533.11729395,1770,F3,CANN,own-targeted,0.1,2,1
20.36767726413236,6439.563298449969,487888668982.4582,99371589506.61812,15431417.458158584,2117,F3,CANN,own-targeted,0.25,1,1
55.392759119619704,8747.178164226447,487888668982.4582,270254995181.3718,15448124.532700183,4258,F3,CANN,own-targeted,0.25,2,1
0.0018770629464636413,2.754297864532118,474112349736.67017,8899387.241515145,3231091.07265235,438,F3,Constrained WLS,prevalence,0.05,1,1
0.480574481308757,370.2134478072179,474112349736.67017,2278462965.567763,3077228.797418283,854,F3,Constrained WLS,prevalence,0.05,2,1
0.420843107120869,344.3994587815621,474112349736.67017,1995269143.8755636,5793473.517451366,816,F3,Constrained WLS,prevalence,0.1,1,1
0.5246764980474172,193.74898672204935,474112349736.67017,2487556073.4086843,6419533.11729395,1770,F3,Constrained WLS,prevalence,0.1,2,1
1.0222926682433737,314.0875297901978,474112349736.67017,4846815790.594361,15431417.458158584,2117,F3,Constrained WLS,prevalence,0.25,1,1
1.9845833407415923,304.5403566418506,474112349736.67017,9409154709.27247,15448124.532700183,4258,F3,Constrained WLS,prevalence,0.25,2,1
0.08711228586696296,127.823727696462,474112349736.67017,413010105.4331833,3231091.07265235,438,F3,Constrained WLS,chronic,0.05,1,1
0.735528111105599,566.6185129721584,474112349736.67017,3487229610.5365014,3077228.797418283,854,F3,Constrained WLS,chronic,0.05,2,1
0.34205810735762837,279.9252858191126,474112349736.67017,1621739730.2580338,5793473.517451366,816,F3,Constrained WLS,chronic,0.1,1,1
1.1872049203438688,438.4029991891653,474112349736.67017,5628685144.031679,6419533.11729395,1770,F3,Constrained WLS,chronic,0.1,2,1
0.8071244395912196,247.9795946302846,474112349736.67017,3826676645.844862,15431417.458158584,2117,F3,Constrained WLS,chronic,0.25,1,1
2.8474673046967856,436.95252837017546,474112349736.67017,13500194146.28136,15448124.532700183,4258,F3,Constrained WLS,chronic,0.25,2,1
8.096907344835573,11880.951915443387,474112349736.67017,38388437668.60097,3231091.07265235,438,F3,Constrained WLS,targeted,0.05,1,1
15.633858918231976,12043.637433448583,474112349736.67017,74122055871.74559,3077228.797418283,854,F3,Constrained WLS,targeted,0.05,2,1
14.703512657994974,12032.707001535695,474112349736.67017,69711169356.6487,5793473.517451366,816,F3,Constrained WLS,targeted,0.1,1,1
32.786729949268626,12107.26176842435,474112349736.67017,155445935764.29407,6419533.11729395,1770,F3,Constrained WLS,targeted,0.1,2,1
39.23244584640953,12053.712587707729,474112349736.67017,186005870861.57892,15431417.458158584,2117,F3,Constrained WLS,targeted,0.25,1,1
78.31666723711265,12017.931059765431,474112349736.67017,371308991273.3237,15448124.532700183,4258,F3,Constrained WLS,targeted,0.25,2,1
8.441923138299517,12387.208919215103,474112349736.67017,40024200153.95549,3231091.07265235,438,F3,Constrained WLS,own-targeted,0.05,1,1
16.133614534234965,12428.627183960569,474112349736.67017,76491458965.71832,3077228.797418283,854,F3,Constrained WLS,own-targeted,0.05,2,1
15.374972797572172,12582.200398839603,474112349736.67017,72894644801.94327,5793473.517451366,816,F3,Constrained WLS,own-targeted,0.1,1,1
33.676343418084116,12435.772210189385,474112349736.67017,159663703084.86908,6419533.11729395,1770,F3,Constrained WLS,own-targeted,0.1,2,1
40.22213475001174,12357.782990097801,474112349736.67017,190698108177.5304,15431417.458158584,2117,F3,Constrained WLS,own-targeted,0.25,1,1
81.36036541693261,12484.995813441206,474112349736.67017,385739540232.56036,15448124.532700183,4258,F3,Constrained WLS,own-targeted,0.25,2,1
0.36172017755618685,589.0405256918717,517592842735.25244,1872237749.76007,3178453.2100927834,429,F3,WLS,prevalence,0.05,1,2
0.4180135683997331,340.6443864368598,517592842735.25244,2163608311.6992474,3175758.0600851667,882,F3,WLS,prevalence,0.05,2,2
0.36692350336988505,276.52701378659754,517592842735.25244,1899169791.7559676,6867935.851003701,930,F3,WLS,prevalence,0.1,1,2
0.860160158701784,325.3343983820309,517592842735.25244,4452127417.500623,6842386.540805649,1866,F3,WLS,prevalence,0.1,2,2
1.0498550533700264,326.7557626104861,517592842735.25244,5433974615.337622,16630080.436608149,2221,F3,WLS,prevalence,0.25,1,2
2.2345922332169246,341.82804603476495,517592842735.25244,11566089463.448643,16917993.707093798,4544,F3,WLS,prevalence,0.25,2,2
0.3382236576465076,550.7777930651379,517592842735.25244,1750621444.4157064,3178453.2100927834,429,F3,WLS,chronic,0.05,1,2
0.9499801994979946,774.1505220129756,517592842735.25244,4917029520.003693,3175758.0600851667,882,F3,WLS,chronic,0.05,2,2
0.8305585351879984,625.9393835531497,517592842735.25244,4298911532.859833,6867935.851003701,930,F3,WLS,chronic,0.1,1,2
1.9259347544044445,728.4373942556039,517592842735.25244,9968500444.548166,6842386.540805649,1866,F3,WLS,chronic,0.1,2,2
1.7431532579266122,542.5371534026523,517592842735.25244,9022436500.934519,16630080.436608149,2221,F3,WLS,chronic,0.25,1,2
5.031855977281254,769.7285755648782,517592842735.25244,26044526395.153763,16917993.707093798,4544,F3,WLS,chronic,0.25,2,2
4.830560095189747,7866.289564161136,517592842735.25244,25002633316.72733,3178453.2100927834,429,F3,WLS,targeted,0.05,1,2
9.776508312310426,7966.996593654043,517592842735.25244,50602507293.93579,3175758.0600851667,882,F3,WLS,targeted,0.05,2,2
10.286237178034556,7752.0857176466925,517592842735.25244,53240827420.279465,6867935.851003701,930,F3,WLS,targeted,0.1,1,2
20.60642378001287,7793.872356740857,517592842735.25244,106657374629.04167,6842386.540805649,1866,F3,WLS,targeted,0.1,2,2
24.402952949710446,7595.1489450230265,517592842735.25244,126307937883.75244,16630080.436608149,2221,F3,WLS,targeted,0.25,1,2
50.419289592933346,7712.694507669618,517592842735.25244,260966634290.983,16917993.707093798,4544,F3,WLS,targeted,0.25,2,2
5.360663632537274,8729.532716422958,517592842735.25244,27746411285.124523,3178453.2100927834,429,F3,WLS,own-targeted,0.05,1,2
10.785972465697112,8789.621319633226,517592842735.25244,55827421501.843285,3175758.0600851667,882,F3,WLS,own-targeted,0.05,2,2
11.71135335262913,8826.105551318544,517592842735.25244,60617126740.64341,6867935.851003701,930,F3,WLS,own-targeted,0.1,1,2
23.29225514505538,8809.721931336924,517592842735.25244,120559045542.44023,6842386.540805649,1866,F3,WLS,own-targeted,0.1,2,2
27.895414381727722,8682.138901344455,517592842735.25244,144384668291.16296,16630080.436608149,2221,F3,WLS,own-targeted,0.25,1,2
57.458402018368474,8789.475322727585,517592842735.25244,297400576397.12305,16917993.707093798,4544,F3,WLS,own-targeted,0.25,2,2
0.8406178360692407,1421.4958371304658,537480625891.53784,4518158006.660856,3178453.2100927834,429,F3,Payment-form WLS (non-negative),prevalence,0.05,1,2
1.5837704576044194,1340.2247915556295,537480625891.53784,8512459368.217506,3175758.0600851667,882,F3,Payment-form WLS (non-negative),prevalence,0.05,2,2
1.5841574050116982,1239.7522807845794,537480625891.53784,8514539135.56402,6867935.851003701,930,F3,Payment-form WLS (non-negative),prevalence,0.1,1,2
3.1737254894514426,1246.5065750855981,537480625891.53784,17058159624.782887,6842386.540805649,1866,F3,Payment-form WLS (non-negative),prevalence,0.1,2,2
3.8862090274652594,1256.014406177697,537480625891.53784,20887620604.273724,16630080.436608149,2221,F3,Payment-form WLS (non-negative),prevalence,0.25,1,2
8.23454822505328,1308.048167697297,537480625891.53784,44259101339.35689,16917993.707093798,4544,F3,Payment-form WLS (non-negative),prevalence,0.25,2,2
1.7477383590776225,2955.448594142647,537480625891.53784,9393755071.316898,3178453.2100927834,429,F3,Payment-form WLS (non-negative),chronic,0.05,1,2
3.726814809303874,3153.7206524995486,537480625891.53784,20030907562.864986,3175758.0600851667,882,F3,Payment-form WLS (non-negative),chronic,0.05,2,2
4.064172179130956,3180.5972769111477,537480625891.53784,21844138065.702816,6867935.851003701,930,F3,Payment-form WLS (non-negative),chronic,0.1,1,2
7.767017271163518,3050.5593913171524,537480625891.53784,41746213042.15352,6842386.540805649,1866,F3,Payment-form WLS (non-negative),chronic,0.1,2,2
9.474406242972972,3062.107737142388,537480625891.53784,50923097974.23807,16630080.436608149,2221,F3,Payment-form WLS (non-negative),chronic,0.25,1,2
19.153250933557345,3042.471074838368,537480625891.53784,102945012996.26083,16917993.707093798,4544,F3,Payment-form WLS (non-negative),chronic,0.25,2,2
5.211600778099807,8812.88558603051,537480625891.53784,28011344481.0991,3178453.2100927834,429,F3,Payment-form WLS (non-negative),targeted,0.05,1,2
10.51246772048363,8895.903943511683,537480625891.53784,56502477300.701294,3175758.0600851667,882,F3,Payment-form WLS (non-negative),targeted,0.05,2,2
11.132253610439928,8712.036291439963,537480625891.53784,59833706381.225845,6867935.851003701,930,F3,Payment-form WLS (non-negative),targeted,0.1,1,2
22.191393800387846,8715.850937466672,537480625891.53784,119274442292.38052,6842386.540805649,1866,F3,Payment-form WLS (non-negative),targeted,0.1,2,2
26.45675359301923,8550.765905456114,537480625891.53784,142199924802.34167,16630080.436608149,2221,F3,Payment-form WLS (non-negative),targeted,0.25,1,2
54.21672498957105,8612.262123305229,537480625891.53784,291404392811.8403,16917993.707093798,4544,F3,Payment-form WLS (non-negative),targeted,0.25,2,2
5.725294245500643,9681.54800804847,537480625891.53784,30772347344.849052,3178453.2100927834,429,F3,Payment-form WLS (non-negative),own-targeted,0.05,1,2
11.477026249317042,9712.136653903515,537480625891.53784,61686792518.56533,3175758.0600851667,882,F3,Payment-form WLS (non-negative),own-targeted,0.05,2,2
12.536897212960072,9811.302124749602,537480625891.53784,67383393607.59656,6867935.851003701,930,F3,Payment-form WLS (non-negative),own-targeted,0.1,1,2
24.77715229650938,9731.428679685345,537480625891.53784,133172393241.37817,6842386.540805649,1866,F3,Payment-form WLS (non-negative),own-targeted,0.1,2,2
29.92446897667356,9671.524065300824,537480625891.53784,160838223150.54413,16630080.436608149,2221,F3,Payment-form WLS (non-negative),own-targeted,0.25,1,2
60.97754243234829,9686.209913331497,537480625891.53784,327742476718.66364,16917993.707093798,4544,F3,Payment-form WLS (non-negative),own-targeted,0.25,2,2
0.20740724734306804,339.8148713349581,520755992120.8137,1080085668.631864,3178453.2100927834,429,F3,Tweedie GLM,prevalence,0.05,1,2
0.5562276294886489,456.04681710482964,520755992120.8137,2896588710.3936977,3175758.0600851667,882,F3,Tweedie GLM,prevalence,0.05,2,2
0.5876812664733616,445.6048332606751,520755992120.8137,3060385409.7315173,6867935.851003701,930,F3,Tweedie GLM,prevalence,0.1,1,2
1.1790162058136329,448.6590682384216,520755992120.8137,6139797539.849958,6842386.540805649,1866,F3,Tweedie GLM,prevalence,0.1,2,2
1.4739689065427612,461.5600887847906,520755992120.8137,7675781402.819066,16630080.436608149,2221,F3,Tweedie GLM,prevalence,0.25,1,2
3.123455277424919,480.7183641280058,520755992120.8137,16265580518.40405,16917993.707093798,4544,F3,Tweedie GLM,prevalence,0.25,2,2
0.6712098670210711,1099.706483367216,520755992120.8137,3495365602.2183733,3178453.2100927834,429,F3,Tweedie GLM,chronic,0.05,1,2
1.3313941513831766,1091.5999724941287,520755992120.8137,6933314822.07395,3175758.0600851667,882,F3,Tweedie GLM,chronic,0.05,2,2
1.508247019109139,1143.6167865264129,520755992120.8137,7854286727.994395,6867935.851003701,930,F3,Tweedie GLM,chronic,0.1,1,2
2.8998819414456367,1103.511829129245,520755992120.8137,15101308974.507538,6842386.540805649,1866,F3,Tweedie GLM,chronic,0.1,2,2
3.5038161390491327,1097.1884692047831,520755992120.8137,18246332496.994503,16630080.436608149,2221,F3,Tweedie GLM,chronic,0.25,1,2
7.550701139819141,1162.0978620016683,520755992120.8137,39320728632.74276,16917993.707093798,4544,F3,Tweedie GLM,chronic,0.25,2,2
1.7787210029938287,2914.246519907527,520755992120.8137,9262796206.201801,3178453.2100927834,429,F3,Tweedie GLM,targeted,0.05,1,2
3.7667287577888753,3088.312355979255,520755992120.8137,19615465713.12346,3175758.0600851667,882,F3,Tweedie GLM,targeted,0.05,2,2
3.5465178880734567,2689.1201103865856,520755992120.8137,18468704413.77906,6867935.851003701,930,F3,Tweedie GLM,targeted,0.1,1,2
8.255488254305039,3141.5171816690095,520755992120.8137,42990949763.12345,6842386.540805649,1866,F3,Tweedie GLM,targeted,0.1,2,2
8.230916532224544,2577.4373859110615,520755992120.8137,42862991048.021996,16630080.436608149,2221,F3,Tweedie GLM,targeted,0.25,1,2
21.46722028369381,3303.933016662472,520755992120.8137,111791835969.11024,16917993.707093798,4544,F3,Tweedie GLM,targeted,0.25,2,2
2.3180260774363357,3797.8409305639566,520755992120.8137,12071259697.172771,3178453.2100927834,429,F3,Tweedie GLM,own-targeted,0.05,1,2
5.526080983817449,4530.791909870243,520755992120.8137,28777397852.678177,3175758.0600851667,882,F3,Tweedie GLM,own-targeted,0.05,2,2
5.052582855671969,3831.0823730153857,520755992120.8137,26311627977.7807,6867935.851003701,930,F3,Tweedie GLM,own-targeted,0.1,1,2
12.194745199173159,4640.54946105706,520755992120.8137,63504866348.55949,6842386.540805649,1866,F3,Tweedie GLM,own-targeted,0.1,2,2
12.067292550484666,3778.763986316261,520755992120.8137,62841149043.39747,16630080.436608149,2221,F3,Tweedie GLM,own-targeted,0.25,1,2
31.96613414767622,4919.778370457771,520755992120.8137,166465559023.40152,16917993.707093798,4544,F3,Tweedie GLM,own-targeted,0.25,2,2
0.4937686409374838,810.1506671839213,521504562112.4347,2575025988.7695446,3178453.2100927834,429,F3,Two-part,prevalence,0.05,1,2
1.0809431598755468,887.5310691082852,521504562112.4347,5637167892.593285,3175758.0600851667,882,F3,Two-part,prevalence,0.05,2,2
1.189384582981446,903.1381474542627,521504562112.4347,6202694861.310198,6867935.851003701,930,F3,Two-part,prevalence,0.1,1,2
2.371480378363582,903.7328049951944,521504562112.4347,12367378362.767307,6842386.540805649,1866,F3,Two-part,prevalence,0.1,2,2
2.8207686506228278,884.568012506603,521504562112.4347,14710437199.63541,16630080.436608149,2221,F3,Two-part,prevalence,0.25,1,2
6.247436849553694,962.89987895712,521504562112.4347,32580668185.515873,16917993.707093798,4544,F3,Two-part,prevalence,0.25,2,2
0.9066420331638623,1487.5724927976685,521504562112.4347,4728179564.978475,3178453.2100927834,429,F3,Two-part,chronic,0.05,1,2
1.90632677813924,1565.2296126897836,521504562112.4347,9941581116.767128,3175758.0600851667,882,F3,Two-part,chronic,0.05,2,2
2.045108727467909,1552.9171421055194,521504562112.4347,10665335313.904705,6867935.851003701,930,F3,Two-part,chronic,0.1,1,2
4.081229158739899,1555.2904038789861,521504562112.4347,21283796253.09151,6842386.540805649,1866,F3,Two-part,chronic,0.1,2,2
4.864944947638498,1525.603555731676,521504562112.4347,25370909846.193165,16630080.436608149,2221,F3,Two-part,chronic,0.25,1,2
10.738139864094045,1655.039310417269,521504562112.4347,55999889277.264435,16917993.707093798,4544,F3,Two-part,chronic,0.25,2,2
1.54531669801665,2535.477651095205,521504562112.4347,8058897079.242065,3178453.2100927834,429,F3,Two-part,targeted,0.05,1,2
3.3377456866809383,2740.526151303431,521504562112.4347,17406496027.752106,3175758.0600851667,882,F3,Two-part,targeted,0.05,2,2
3.232237361380687,2454.34227453354,521504562112.4347,16856265297.902866,6867935.851003701,930,F3,Two-part,targeted,0.1,1,2
7.267673447965904,2769.5927703401585,521504562112.4347,37901248590.57627,6842386.540805649,1866,F3,Two-part,targeted,0.1,2,2
7.716385534718661,2419.7900152760403,521504562112.4347,40241302593.741806,16630080.436608149,2221,F3,Two-part,targeted,0.25,1,2
19.37503826611817,2986.220181252016,521504562112.4347,101041708468.83623,16917993.707093798,4544,F3,Two-part,targeted,0.25,2,2
1.9097278774201123,3133.385123636325,521504562112.4347,9959318004.67885,3178453.2100927834,429,F3,Two-part,own-targeted,0.05,1,2
4.384907281073088,3600.320157037279,521504562112.4347,22867491515.19647,3175758.0600851667,882,F3,Two-part,own-targeted,0.05,2,2
4.146088807638514,3148.259207736774,521504562112.4347,21622042281.067898,6867935.851003701,930,F3,Two-part,own-targeted,0.1,1,2
9.439054432431151,3597.070933645944,521504562112.4347,49225099485.404434,6842386.540805649,1866,F3,Two-part,own-targeted,0.1,2,2
10.038363621646196,3147.9417341289354,521504562112.4347,52350524248.31993,16630080.436608149,2221,F3,Two-part,own-targeted,0.25,1,2
25.15981275109765,3877.8112105841337,521504562112.4347,131209571315.92032,16917993.707093798,4544,F3,Two-part,own-targeted,0.25,2,2
0.371425939927846,600.2243406171124,513638057315.24713,1907784982.2102852,3178453.2100927834,429,F3,LightGBM (Tweedie),prevalence,0.05,1,2
0.8189321595168046,662.2587670861665,513638057315.24713,4206347234.871916,3175758.0600851667,882,F3,LightGBM (Tweedie),prevalence,0.05,2,2
0.922100151720478,689.6187455079155,513638057315.24713,4736257305.79801,6867935.851003701,930,F3,LightGBM (Tweedie),prevalence,0.1,1,2
1.7012195406632666,638.5280155702308,513638057315.24713,8738110999.330173,6842386.540805649,1866,F3,LightGBM (Tweedie),prevalence,0.1,2,2
2.0222194454094895,624.5843917379732,513638057315.24713,10386888674.052467,16630080.436608149,2221,F3,LightGBM (Tweedie),prevalence,0.25,1,2
4.567960838009488,693.4269427418914,513638057315.24713,23462785307.273216,16917993.707093798,4544,F3,LightGBM (Tweedie),prevalence,0.25,2,2
0.7336862120997938,1185.6369616053582,513638057315.24713,3768491606.619205,3178453.2100927834,429,F3,LightGBM (Tweedie),chronic,0.05,1,2
1.659270569230048,1341.8284636532267,513638057315.24713,8522645117.396862,3175758.0600851667,882,F3,LightGBM (Tweedie),chronic,0.05,2,2
1.7221338598031002,1287.9466398289105,513638057315.24713,8845534901.860725,6867935.851003701,930,F3,LightGBM (Tweedie),chronic,0.1,1,2
3.2978227245976033,1237.7898029661326,513638057315.24713,16938872576.323881,6842386.540805649,1866,F3,LightGBM (Tweedie),chronic,0.1,2,2
3.916491140292591,1209.6507340782048,513638057315.24713,20116589007.922634,16630080.436608149,2221,F3,LightGBM (Tweedie),chronic,0.25,1,2
8.379342725104522,1272.00346371351,513638057315.24713,43039493189.01335,16917993.707093798,4544,F3,LightGBM (Tweedie),chronic,0.25,2,2
0.9573565570878654,1547.0882521698982,513638057315.24713,4917347621.406246,3178453.2100927834,429,F3,LightGBM (Tweedie),targeted,0.05,1,2
1.9001200630830815,1536.600017070484,513638057315.24713,9759739778.677187,3175758.0600851667,882,F3,LightGBM (Tweedie),targeted,0.05,2,2
2.055807700780887,1537.494083449398,513638057315.24713,10559410736.428196,6867935.851003701,930,F3,LightGBM (Tweedie),targeted,0.1,1,2
4.02618218442601,1511.1689344594813,513638057315.24713,20680003956.05834,6842386.540805649,1866,F3,LightGBM (Tweedie),targeted,0.1,2,2
4.705567978218008,1453.3656671775507,513638057315.24713,24169587948.96733,16630080.436608149,2221,F3,LightGBM (Tweedie),targeted,0.25,1,2
10.568201589923381,1604.2772647704874,513638057315.24713,54282305339.64151,16917993.707093798,4544,F3,LightGBM (Tweedie),targeted,0.25,2,2
1.7393032362834884,2810.7141314208443,513638057315.24713,8933723353.667732,3178453.2100927834,429,F3,LightGBM (Tweedie),own-targeted,0.05,1,2
3.847655097764028,3111.543845978026,513638057315.24713,19763020896.346226,3175758.0600851667,882,F3,LightGBM (Tweedie),own-targeted,0.05,2,2
3.5006489804366296,2618.0596043151686,513638057315.24713,17980665416.54071,6867935.851003701,930,F3,LightGBM (Tweedie),own-targeted,0.1,1,2
7.7291542245578295,2901.0256413578604,513638057315.24713,39699877605.91819,6842386.540805649,1866,F3,LightGBM (Tweedie),own-targeted,0.1,2,2
8.122533595262675,2508.732529738428,513638057315.24713,41720423763.485504,16630080.436608149,2221,F3,LightGBM (Tweedie),own-targeted,0.25,1,2
20.14679600965509,3058.3298890774445,513638057315.24713,103481611635.25815,16917993.707093798,4544,F3,LightGBM (Tweedie),own-targeted,0.25,2,2
0.4491625269587523,733.7891027575544,519258439697.2711,2332314329.190852,3178453.2100927834,429,F3,LightGBM (squared error),prevalence,0.05,1,2
0.9975245815806697,815.5108921889359,519258439697.2711,5179730577.912518,3175758.0600851667,882,F3,LightGBM (squared error),prevalence,0.05,2,2
1.122248037303545,848.4889455081337,519258439697.2711,5827367648.035637,6867935.851003701,930,F3,LightGBM (squared error),prevalence,0.1,1,2
2.033717457505487,771.6788195694801,519258439697.2711,10560249537.694004,6842386.540805649,1866,F3,LightGBM (squared error),prevalence,0.1,2,2
2.414489109283701,753.9012528122328,519258439697.2711,12537438475.527084,16630080.436608149,2221,F3,LightGBM (squared error),prevalence,0.25,1,2
5.4333560838301755,833.8210934628559,519258439697.2711,28213160024.093327,16917993.707093798,4544,F3,LightGBM (squared error),prevalence,0.25,2,2
0.674081702414436,1101.235695126003,519258439697.2711,3500226130.2420025,3178453.2100927834,429,F3,LightGBM (squared error),chronic,0.05,1,2
1.4989328935928083,1225.4295522704965,519258439697.2711,7783335555.379173,3175758.0600851667,882,F3,LightGBM (squared error),chronic,0.05,2,2
1.579234555192479,1193.9990250861454,519258439697.2711,8200308710.452606,6867935.851003701,930,F3,LightGBM (squared error),chronic,0.1,1,2
3.170487760019574,1203.0177756905985,519258439697.2711,16463025273.4706,6842386.540805649,1866,F3,LightGBM (squared error),chronic,0.1,2,2
3.605653490754203,1125.8309981331106,519258439697.2711,18722660056.980465,16630080.436608149,2221,F3,LightGBM (squared error),chronic,0.25,1,2
7.58358259649409,1163.8020839077822,519258439697.2711,39378392663.709015,16917993.707093798,4544,F3,LightGBM (squared error),chronic,0.25,2,2
1.4874597550495317,2430.037444210035,519258439697.2711,7723760315.195049,3178453.2100927834,429,F3,LightGBM (squared error),targeted,0.05,1,2
2.5319776196827237,2069.9793927463147,519258439697.2711,13147507481.448616,3175758.0600851667,882,F3,LightGBM (squared error),targeted,0.05,2,2
3.1540025910807943,2384.6210852514278,519258439697.2711,16377424642.457634,6867935.851003701,930,F3,LightGBM (squared error),targeted,0.1,1,2
5.642797310411341,2141.117071841978,519258439697.2711,29300701269.32151,6842386.540805649,1866,F3,LightGBM (squared error),targeted,0.1,2,2
6.925920092933129,2162.5526554927123,519258439697.2711,35963424609.244354,16630080.436608149,2221,F3,LightGBM (squared error),targeted,0.25,1,2
14.20305863259022,2179.6491333943627,519258439697.2711,73750580644.87656,16917993.707093798,4544,F3,LightGBM (squared error),targeted,0.25,2,2
2.8176063270604534,4603.075044253557,519258439697.2711,14630658650.7057,3178453.2100927834,429,F3,LightGBM (squared error),own-targeted,0.05,1,2
5.092969278914041,4163.678767651651,519258439697.2711,26445672811.95041,3175758.0600851667,882,F3,LightGBM (squared error),own-targeted,0.05,2,2
6.05316924353844,4576.570435153279,519258439697.2711,31431592166.23281,6867935.851003701,930,F3,LightGBM (squared error),own-targeted,0.1,1,2
10.341981727858807,3924.187316340469,519258439697.2711,53701612953.85652,6842386.540805649,1866,F3,LightGBM (squared error),own-targeted,0.1,2,2
14.413934550149763,4500.613928441044,519258439697.2711,74845571644.09354,16630080.436608149,2221,F3,LightGBM (squared error),own-targeted,0.25,1,2
25.99400812560097,3989.127887876603,519258439697.2711,134976081007.77747,16917993.707093798,4544,F3,LightGBM (squared error),own-targeted,0.25,2,2
0.20740724734306804,339.8148713349581,520755992120.8137,1080085668.631864,3178453.2100927834,429,F3,CANN,prevalence,0.05,1,2
0.5562276294886489,456.04681710482964,520755992120.8137,2896588710.3936977,3175758.0600851667,882,F3,CANN,prevalence,0.05,2,2
0.5876812664733616,445.6048332606751,520755992120.8137,3060385409.7315173,6867935.851003701,930,F3,CANN,prevalence,0.1,1,2
1.1790162058136329,448.6590682384216,520755992120.8137,6139797539.849958,6842386.540805649,1866,F3,CANN,prevalence,0.1,2,2
1.4739689065427612,461.5600887847906,520755992120.8137,7675781402.819066,16630080.436608149,2221,F3,CANN,prevalence,0.25,1,2
3.123455277424919,480.7183641280058,520755992120.8137,16265580518.40405,16917993.707093798,4544,F3,CANN,prevalence,0.25,2,2
0.6712098670210711,1099.706483367216,520755992120.8137,3495365602.2183733,3178453.2100927834,429,F3,CANN,chronic,0.05,1,2
1.3313941513831766,1091.5999724941287,520755992120.8137,6933314822.07395,3175758.0600851667,882,F3,CANN,chronic,0.05,2,2
1.508247019109139,1143.6167865264129,520755992120.8137,7854286727.994395,6867935.851003701,930,F3,CANN,chronic,0.1,1,2
2.8998819414456367,1103.511829129245,520755992120.8137,15101308974.507538,6842386.540805649,1866,F3,CANN,chronic,0.1,2,2
3.5038161390491327,1097.1884692047831,520755992120.8137,18246332496.994503,16630080.436608149,2221,F3,CANN,chronic,0.25,1,2
7.550701139819141,1162.0978620016683,520755992120.8137,39320728632.74276,16917993.707093798,4544,F3,CANN,chronic,0.25,2,2
1.7787210029938287,2914.246519907527,520755992120.8137,9262796206.201801,3178453.2100927834,429,F3,CANN,targeted,0.05,1,2
3.7667287577888753,3088.312355979255,520755992120.8137,19615465713.12346,3175758.0600851667,882,F3,CANN,targeted,0.05,2,2
3.5465178880734567,2689.1201103865856,520755992120.8137,18468704413.77906,6867935.851003701,930,F3,CANN,targeted,0.1,1,2
8.255488254305039,3141.5171816690095,520755992120.8137,42990949763.12345,6842386.540805649,1866,F3,CANN,targeted,0.1,2,2
8.230916532224544,2577.4373859110615,520755992120.8137,42862991048.021996,16630080.436608149,2221,F3,CANN,targeted,0.25,1,2
21.46722028369381,3303.933016662472,520755992120.8137,111791835969.11024,16917993.707093798,4544,F3,CANN,targeted,0.25,2,2
2.3180260774363357,3797.8409305639566,520755992120.8137,12071259697.172771,3178453.2100927834,429,F3,CANN,own-targeted,0.05,1,2
5.526080983817449,4530.791909870243,520755992120.8137,28777397852.678177,3175758.0600851667,882,F3,CANN,own-targeted,0.05,2,2
5.052582855671969,3831.0823730153857,520755992120.8137,26311627977.7807,6867935.851003701,930,F3,CANN,own-targeted,0.1,1,2
12.194745199173159,4640.54946105706,520755992120.8137,63504866348.55949,6842386.540805649,1866,F3,CANN,own-targeted,0.1,2,2
12.067292550484666,3778.763986316261,520755992120.8137,62841149043.39747,16630080.436608149,2221,F3,CANN,own-targeted,0.25,1,2
31.96613414767622,4919.778370457771,520755992120.8137,166465559023.40152,16917993.707093798,4544,F3,CANN,own-targeted,0.25,2,2
0.46306748069284914,711.8060529485845,488577222173.4938,2262442233.957902,3178453.2100927834,429,F3,Constrained WLS,prevalence,0.05,1,2
0.33041895309239094,254.16793597152193,488577222173.4938,1614351742.553543,3175758.0600851667,882,F3,Constrained WLS,prevalence,0.05,2,2
0.2826700484279833,201.08828918722037,488577222173.4938,1381061470.5259106,6867935.851003701,930,F3,Constrained WLS,prevalence,0.1,1,2
0.9042401814286135,322.8341115964123,488577222173.4938,4417911560.20048,6842386.540805649,1866,F3,Constrained WLS,prevalence,0.1,2,2
0.9456297540199343,277.8177533084112,488577222173.4938,4620131584.236637,16630080.436608149,2221,F3,Constrained WLS,prevalence,0.25,1,2
2.236621698879405,322.9586307959376,488577222173.4938,10927624166.9146,16917993.707093798,4544,F3,Constrained WLS,prevalence,0.25,2,2
0.20566179994219547,316.13386852413487,488577222173.4938,1004816709.2295866,3178453.2100927834,429,F3,Constrained WLS,chronic,0.05,1,2
0.8902625678558592,684.8160410500423,488577222173.4938,4349620124.080572,3175758.0600851667,882,F3,Constrained WLS,chronic,0.05,2,2
0.6406128076195993,455.7247371345285,488577222173.4938,3129888260.355466,6867935.851003701,930,F3,Constrained WLS,chronic,0.1,1,2
1.6170363166133506,577.3183866572275,488577222173.4938,7900471117.24609,6842386.540805649,1866,F3,Constrained WLS,chronic,0.1,2,2
1.1395694112461106,334.7955288267181,488577222173.4938,5567676574.205084,16630080.436608149,2221,F3,Constrained WLS,chronic,0.25,1,2
4.488147559535043,648.0693589639185,488577222173.4938,21928066673.423767,16917993.707093798,4544,F3,Constrained WLS,chronic,0.25,2,2
7.663673372281193,11780.246555099722,488577222173.4938,37442962478.741165,3178453.2100927834,429,F3,Constrained WLS,targeted,0.05,1,2
14.969700040740758,11515.131701310103,488577222173.4938,73138544626.75555,3175758.0600851667,882,F3,Constrained WLS,targeted,0.05,2,2
15.553913109944837,11064.878627359563,488577222173.4938,75992876611.84737,6867935.851003701,930,F3,Constrained WLS,targeted,0.1,1,2
31.97566228037144,11416.031644027948,488577222173.4938,156225802541.01642,6842386.540805649,1866,F3,Constrained WLS,targeted,0.1,2,2
37.61135660449784,11049.887703219194,488577222173.4938,183760521320.02246,16630080.436608149,2221,F3,Constrained WLS,targeted,0.25,1,2
78.12965820869654,11281.589305995425,488577222173.4938,381723713769.6946,16917993.707093798,4544,F3,Constrained WLS,targeted,0.25,2,2
8.561756377683093,13160.738483271525,488577222173.4938,41830791479.346,3178453.2100927834,429,F3,Constrained WLS,own-targeted,0.05,1,2
17.07160326877738,13131.977224492202,488577222173.4938,83407965031.0719,3175758.0600851667,882,F3,Constrained WLS,own-targeted,0.05,2,2
18.63329648539089,13255.51728244076,488577222173.4938,91038042367.67406,6867935.851003701,930,F3,Constrained WLS,own-targeted,0.1,1,2
36.899216178679644,13173.85128233039,488577222173.4938,180281165409.5854,6842386.540805649,1866,F3,Constrained WLS,own-targeted,0.1,2,2
44.10433827244731,12957.468943756592,488577222173.4938,215483750789.52414,16630080.436608149,2221,F3,Constrained WLS,own-targeted,0.25,1,2
91.17594043454213,13165.416797585744,488577222173.4938,445464877065.64526,16917993.707093798,4544,F3,Constrained WLS,own-targeted,0.25,2,2
0.1681661626011011,248.5970149300396,487736986937.3109,820208574.5187094,3299350.053537583,431,F3,WLS,prevalence,0.05,1,3
0.8080038623759488,585.7756294854562,487736986937.3109,3940933692.689549,3363859.380895767,874,F3,WLS,prevalence,0.05,2,3
0.21209949131183328,168.81692501780975,487736986937.3109,1034487668.2336992,6127867.025919134,863,F3,WLS,prevalence,0.1,1,3
0.5951166992284923,230.43345303813172,487736986937.3109,2902604257.5778275,6298139.916988334,1702,F3,WLS,prevalence,0.1,2,3
1.1811578833854455,358.7538729250978,487736986937.3109,5760943871.396688,16058206.771190684,2184,F3,WLS,prevalence,0.25,1,3
2.010330305465734,303.8530845462955,487736986937.3109,9805124459.36621,16134646.903464766,4398,F3,WLS,prevalence,0.25,2,3
0.2994719286464642,442.7039682973972,487736986937.3109,1460635361.503318,3299350.053537583,431,F3,WLS,chronic,0.05,1,3
0.8979604713151947,650.9911459964973,487736986937.3109,4379685346.680807,3363859.380895767,874,F3,WLS,chronic,0.05,2,3
0.6700511664975518,533.3156474496565,487736986937.3109,3268087370.4134636,6127867.025919134,863,F3,WLS,chronic,0.1,1,3
1.6948747673324893,656.2676624768573,487736986937.3109,8266531122.548243,6298139.916988334,1702,F3,WLS,chronic,0.1,2,3
1.849001929000696,561.5985910145349,487736986937.3109,9018266296.920752,16058206.771190684,2184,F3,WLS,chronic,0.25,1,3
4.946256947117525,747.6062148861738,487736986937.3109,24124724600.04844,16134646.903464766,4398,F3,WLS,chronic,0.25,2,3
6.628268106631231,9798.449580924911,487736986937.3109,32328515149.409912,3299350.053537583,431,F3,WLS,targeted,0.05,1,3
13.48012773503944,9772.639311794615,487736986937.3109,65747568850.18214,3363859.380895767,874,F3,WLS,targeted,0.05,2,3
12.313274126970466,9800.537767251766,487736986937.3109,60056392220.217224,6127867.025919134,863,F3,WLS,targeted,0.1,1,3
25.352057778980097,9816.498550966753,487736986937.3109,123651362737.80368,6298139.916988334,1702,F3,WLS,targeted,0.1,2,3
32.2211780779548,9786.559941117843,487736986937.3109,157154603113.12207,16058206.771190684,2184,F3,WLS,targeted,0.25,1,3
65.22712408992501,9858.809170275188,487736986937.3109,318136809702.06116,16134646.903464766,4398,F3,WLS,targeted,0.25,2,3
6.6300150645524,9801.032077413465,487736986937.3109,32337035709.337685,3299350.053537583,431,F3,WLS,own-targeted,0.05,1,3
13.462305249554907,9759.718609134858,487736986937.3109,65660641996.482544,3363859.380895767,874,F3,WLS,own-targeted,0.05,2,3
12.260682002267203,9758.67797438925,487736986937.3109,59799880975.82321,6127867.025919134,863,F3,WLS,own-targeted,0.1,1,3
25.39134863567266,9831.712252400826,487736986937.3109,123842998778.37784,6298139.916988334,1702,F3,WLS,own-targeted,0.1,2,3
32.314245979338104,9814.82751697364,487736986937.3109,157608529691.1348,16058206.771190684,2184,F3,WLS,own-targeted,0.25,1,3
65.21222310267409,9856.556947878364,487736986937.3109,318064132075.8196,16134646.903464766,4398,F3,WLS,own-targeted,0.25,2,3
0.8037172223416744,1262.6897566323116,518348419112.89935,4166055516.1461754,3299350.053537583,431,F3,Payment-form WLS (non-negative),prevalence,0.05,1,3
2.108911777155208,1624.8465853615448,518348419112.89935,10931510857.369772,3363859.380895767,874,F3,Payment-form WLS (non-negative),prevalence,0.05,2,3
1.602069699897054,1355.1702292785262,518348419112.89935,8304302962.503151,6127867.025919134,863,F3,Payment-form WLS (non-negative),prevalence,0.1,1,3
2.8891310937425425,1188.9038309643374,518348419112.89935,14975765350.513687,6298139.916988334,1702,F3,Payment-form WLS (non-negative),prevalence,0.1,2,3
4.392125427510942,1417.749381568746,518348419112.89935,22766512718.958645,16058206.771190684,2184,F3,Payment-form WLS (non-negative),prevalence,0.25,1,3
8.09550771635502,1300.398345187147,518348419112.89935,41962936266.88902,16134646.903464766,4398,F3,Payment-form WLS (non-negative),prevalence,0.25,2,3
1.9126908771386417,3004.956359066694,518348419112.89935,9914402924.164797,3299350.053537583,431,F3,Payment-form WLS (non-negative),chronic,0.05,1,3
3.8125143906922574,2937.4159016335907,518348419112.89935,19762108072.605103,3363859.380895767,874,F3,Payment-form WLS (non-negative),chronic,0.05,2,3
3.577462442234001,3026.129636175689,518348419112.89935,18543720013.677666,6127867.025919134,863,F3,Payment-form WLS (non-negative),chronic,0.1,1,3
6.9766282691760155,2870.94624899586,518348419112.89935,36163242340.65751,6298139.916988334,1702,F3,Payment-form WLS (non-negative),chronic,0.1,2,3
9.068833690991102,2927.3602425873364,518348419112.89935,47008156069.23038,16058206.771190684,2184,F3,Payment-form WLS (non-negative),chronic,0.25,1,3
18.354486522089253,2948.319578754133,518348419112.89935,95140190723.53983,16134646.903464766,4398,F3,Payment-form WLS (non-negative),chronic,0.25,2,3
6.819268001944763,10713.494266924665,518348419112.89935,35347567883.15247,3299350.053537583,431,F3,Payment-form WLS (non-negative),targeted,0.05,1,3
13.813769810797442,10643.051525996918,518348419112.89935,71603457434.16348,3363859.380895767,874,F3,Payment-form WLS (non-negative),targeted,0.05,2,3
12.663137455534857,10711.585700737849,518348419112.89935,65639172810.85836,6127867.025919134,863,F3,Payment-form WLS (non-negative),targeted,0.1,1,3
26.027271947897802,10710.460108724928,518348419112.89935,134911952680.14337,6298139.916988334,1702,F3,Payment-form WLS (non-negative),targeted,0.1,2,3
33.18215930158381,10710.984147735579,518348419112.89935,171999198167.28357,16058206.771190684,2184,F3,Payment-form WLS (non-negative),targeted,0.25,1,3
66.8105807901525,10731.923400552838,518348419112.89935,346311589325.90186,16134646.903464766,4398,F3,Payment-form WLS (non-negative),targeted,0.25,2,3
6.816357232806761,10708.921267525988,518348419112.89935,35332479957.34162,3299350.053537583,431,F3,Payment-form WLS (non-negative),own-targeted,0.05,1,3
13.812239240254295,10641.87227215253,518348419112.89935,71595523745.94968,3363859.380895767,874,F3,Payment-form WLS (non-negative),own-targeted,0.05,2,3
12.627414903956952,10681.368452127908,518348419112.89935,65454005529.4875,6127867.025919134,863,F3,Payment-form WLS (non-negative),own-targeted,0.1,1,3
26.050244449495512,10719.913502935911,518348419112.89935,135031030279.0058,6298139.916988334,1702,F3,Payment-form WLS (non-negative),own-targeted,0.1,2,3
33.22589479905775,10725.101680469932,518348419112.89935,172225900427.03088,16058206.771190684,2184,F3,Payment-form WLS (non-negative),own-targeted,0.25,1,3
66.81301832254738,10732.314946482224,518348419112.89935,346324224236.53613,16134646.903464766,4398,F3,Payment-form WLS (non-negative),own-targeted,0.25,2,3
0.16722919402605946,250.3363388965129,493901329819.18494,825947213.1406126,3299350.053537583,431,F3,Tweedie GLM,prevalence,0.05,1,3
0.5851579278642103,429.58139149296306,493901329819.18494,2890102787.2637215,3363859.380895767,874,F3,Tweedie GLM,prevalence,0.05,2,3
0.3861708157356439,311.2506825335131,493901329819.18494,1907302794.2919395,6127867.025919134,863,F3,Tweedie GLM,prevalence,0.1,1,3
0.7839104014138062,307.37201365836785,493901329819.18494,3871743897.1736994,6298139.916988334,1702,F3,Tweedie GLM,prevalence,0.1,2,3
1.0763429309692214,331.05016800562714,493901329819.18494,5316072049.471777,16058206.771190684,2184,F3,Tweedie GLM,prevalence,0.25,1,3
1.6772978397976555,256.72071986930575,493901329819.18494,8284196335.789082,16134646.903464766,4398,F3,Tweedie GLM,prevalence,0.25,2,3
0.5927003557499063,887.2520015731886,493901329819.18494,2927354938.8918276,3299350.053537583,431,F3,Tweedie GLM,chronic,0.05,1,3
1.3696696289606534,1005.5141647693893,493901329819.18494,6764816511.566163,3363859.380895767,874,F3,Tweedie GLM,chronic,0.05,2,3
0.9872598007931365,795.7237427416532,493901329819.18494,4876089284.887537,6127867.025919134,863,F3,Tweedie GLM,chronic,0.1,1,3
2.1512000093932615,843.4875688300328,493901329819.18494,10624805453.463749,6298139.916988334,1702,F3,Tweedie GLM,chronic,0.1,2,3
2.4701623202883876,759.7463852865907,493901329819.18494,12200164548.596779,16058206.771190684,2184,F3,Tweedie GLM,chronic,0.25,1,3
5.60805710252431,858.3475291435992,493901329819.18494,27698268606.386814,16134646.903464766,4398,F3,Tweedie GLM,chronic,0.25,2,3
2.3587144691538673,3530.9142530352538,493901329819.18494,11649722129.788479,3299350.053537583,431,F3,Tweedie GLM,targeted,0.05,1,3
6.311118806954405,4633.175199154132,493901329819.18494,31170699714.016483,3363859.380895767,874,F3,Tweedie GLM,targeted,0.05,2,3
4.106746362580876,3310.0057183511763,493901329819.18494,20283274897.08795,6127867.025919134,863,F3,Tweedie GLM,targeted,0.1,1,3
11.476078024939,4499.781103891755,493901329819.18494,56680501976.26098,6298139.916988334,1702,F3,Tweedie GLM,targeted,0.1,2,3
10.813286218683855,3325.8361404991547,493901329819.18494,53406964431.23422,16058206.771190684,2184,F3,Tweedie GLM,targeted,0.25,1,3
26.6201980964758,4074.3845584486176,493901329819.18494,131477512398.99533,16134646.903464766,4398,F3,Tweedie GLM,targeted,0.25,2,3
2.5463967136880155,3811.868103504911,493901329819.18494,12576687231.377132,3299350.053537583,431,F3,Tweedie GLM,own-targeted,0.05,1,3
7.191892032295244,5279.7763468351795,493901329819.18494,35520850386.666214,3363859.380895767,874,F3,Tweedie GLM,own-targeted,0.05,2,3
4.759706978384052,3836.286910649684,493901329819.18494,23508256061.735382,6127867.025919134,863,F3,Tweedie GLM,own-targeted,0.1,1,3
13.036333424375842,5111.558729346536,493901329819.18494,64386624142.655174,6298139.916988334,1702,F3,Tweedie GLM,own-targeted,0.1,2,3
12.062237385855965,3709.975323120845,493901329819.18494,59575550854.68951,16058206.771190684,2184,F3,Tweedie GLM,own-targeted,0.25,1,3
31.455994957051878,4814.532921925069,493901329819.18494,155361577400.735,16134646.903464766,4398,F3,Tweedie GLM,own-targeted,0.25,2,3
0.47425438287970584,714.9350399646606,497374625841.1722,2358820962.383297,3299350.053537583,431,F3,Two-part,prevalence,0.05,1,3
1.0242975677306096,757.2546319762779,497374625841.1722,5094596195.000347,3363859.380895767,874,F3,Two-part,prevalence,0.05,2,3
0.8588267842047775,697.0755870671944,497374625841.1722,4271586504.562283,6127867.025919134,863,F3,Two-part,prevalence,0.1,1,3
1.8220082295319218,719.4351613232466,497374625841.1722,9062206614.429762,6298139.916988334,1702,F3,Two-part,prevalence,0.1,2,3
2.2685077690885995,702.6302618624042,497374625841.1722,11282982028.682343,16058206.771190684,2184,F3,Two-part,prevalence,0.25,1,3
4.641600442128871,715.4213838768027,497374625841.1722,23086142832.080666,16134646.903464766,4398,F3,Two-part,prevalence,0.25,2,3
0.6260090442245863,943.7040904785177,497374625841.1722,3113610141.4439335,3299350.053537583,431,F3,Two-part,chronic,0.05,1,3
1.3288210254752708,982.3862794461515,497374625841.1722,6609218603.556456,3363859.380895767,874,F3,Two-part,chronic,0.05,2,3
1.1334988100002807,920.0159600897047,497374625841.1722,5637735465.153036,6127867.025919134,863,F3,Two-part,chronic,0.1,1,3
2.4427398370391566,964.5362190172243,497374625841.1722,12149568124.746765,6298139.916988334,1702,F3,Two-part,chronic,0.1,2,3
2.9808644600518432,923.2701799315545,497374625841.1722,14826063455.015331,16058206.771190684,2184,F3,Two-part,chronic,0.25,1,3
6.226687962072559,959.7348531688406,497374625841.1722,30969965953.655697,16134646.903464766,4398,F3,Two-part,chronic,0.25,2,3
0.8962023190387107,1351.0184911477813,497374625841.1722,4457482931.098696,3299350.053537583,431,F3,Two-part,targeted,0.05,1,3
2.012306825740936,1487.6816198303918,497374625841.1722,10008703545.305347,3363859.380895767,874,F3,Two-part,targeted,0.05,2,3
1.6074219159692433,1304.68052038741,497374625841.1722,7994908740.241025,6127867.025919134,863,F3,Two-part,targeted,0.1,1,3
3.736085310946745,1475.2244774925655,497374625841.1722,18582340336.428368,6298139.916988334,1702,F3,Two-part,targeted,0.1,2,3
4.442532828793684,1375.9961712988609,497374625841.1722,22096031035.083828,16058206.771190684,2184,F3,Two-part,targeted,0.25,1,3
9.518443383085138,1467.1012773250457,497374625841.1722,47342322162.52351,16134646.903464766,4398,F3,Two-part,targeted,0.25,2,3
1.0857100619722144,1636.700038137602,497374625841.1722,5400046358.45426,3299350.053537583,431,F3,Two-part,own-targeted,0.05,1,3
2.0040027706339023,1481.5425012850658,497374625841.1722,9967401282.287094,3363859.380895767,874,F3,Two-part,own-targeted,0.05,2,3
1.9579419141258585,1589.1836797993017,497374625841.1722,9738306269.570972,6127867.025919134,863,F3,Two-part,own-targeted,0.1,1,3
3.8275950524464415,1511.3578629358326,497374625841.1722,19037486570.820705,6298139.916988334,1702,F3,Two-part,own-targeted,0.1,2,3
5.174551730339849,1602.7261122274977,497374625841.1722,25736907307.735725,16058206.771190684,2184,F3,Two-part,own-targeted,0.25,1,3
9.83540853048784,1515.9559013330422,497374625841.1722,48918826378.46462,16134646.903464766,4398,F3,Two-part,own-targeted,0.25,2,3
0.38875783623162596,573.4582138182025,486688424548.01514,1892039388.4626532,3299350.053537583,431,F3,LightGBM (Tweedie),prevalence,0.05,1,3
0.8213961702663344,594.2043985355918,486688424548.01514,3997640080.366955,3363859.380895767,874,F3,LightGBM (Tweedie),prevalence,0.05,2,3
0.7913270710656384,628.4890385025353,486688424548.01514,3851297255.1913075,6127867.025919134,863,F3,LightGBM (Tweedie),prevalence,0.1,1,3
1.4290493974064757,552.1485779865188,486688424548.01514,6955017998.250481,6298139.916988334,1702,F3,LightGBM (Tweedie),prevalence,0.1,2,3
1.8724910151977554,567.5102551312684,486688424548.01514,9113197021.66909,16058206.771190684,2184,F3,LightGBM (Tweedie),prevalence,0.25,1,3
3.650752641388744,550.6098342537776,486688424548.01514,17767790514.519928,16134646.903464766,4398,F3,LightGBM (Tweedie),prevalence,0.25,2,3
0.8187712545001636,1207.7726990218177,486688424548.01514,3984864919.178866,3299350.053537583,431,F3,LightGBM (Tweedie),chronic,0.05,1,3
1.7667788073342061,1278.101574563039,486688424548.01514,8598707942.66306,3363859.380895767,874,F3,LightGBM (Tweedie),chronic,0.05,2,3
1.5547742254869632,1234.8352454932924,486688424548.01514,7566906183.3011055,6127867.025919134,863,F3,LightGBM (Tweedie),chronic,0.1,1,3
3.261579455316066,1260.191888055898,486688424548.01514,15873729666.459496,6298139.916988334,1702,F3,LightGBM (Tweedie),chronic,0.1,2,3
3.858564918470128,1169.4449498281201,486688424548.01514,18779188811.86467,16058206.771190684,2184,F3,LightGBM (Tweedie),chronic,0.25,1,3
8.492773866861794,1280.8878799876077,486688424548.01514,41333347333.055214,16134646.903464766,4398,F3,LightGBM (Tweedie),chronic,0.25,2,3
1.2160329925538917,1793.7750518769565,486688424548.01514,5918291813.444618,3299350.053537583,431,F3,LightGBM (Tweedie),targeted,0.05,1,3
2.8727808543007076,2078.1920849482676,486688424548.01514,13981491880.513124,3363859.380895767,874,F3,LightGBM (Tweedie),targeted,0.05,2,3
2.233412395467347,1773.8243266676845,486688424548.01514,10869759601.160114,6127867.025919134,863,F3,LightGBM (Tweedie),targeted,0.1,1,3
4.808373283402673,1857.833938894969,486688424548.01514,23401796179.38014,6298139.916988334,1702,F3,LightGBM (Tweedie),targeted,0.1,2,3
5.892603834664919,1785.9167699370803,486688424548.01514,28678620767.78662,16058206.771190684,2184,F3,LightGBM (Tweedie),targeted,0.25,1,3
12.516736366314172,1887.7855645220673,486688424548.01514,60917507026.04292,16134646.903464766,4398,F3,LightGBM (Tweedie),targeted,0.25,2,3
1.4716162048085366,2170.7868538825155,486688424548.01514,7162185722.575958,3299350.053537583,431,F3,LightGBM (Tweedie),own-targeted,0.05,1,3
3.574920528407458,2586.1254036601113,486688424548.01514,17398724398.549835,3363859.380895767,874,F3,LightGBM (Tweedie),own-targeted,0.05,2,3
2.751637298626709,2185.409729244771,486688424548.01514,13391900217.961893,6127867.025919134,863,F3,LightGBM (Tweedie),own-targeted,0.1,1,3
6.512288116253715,2516.183575846838,486688424548.01514,31694552435.02282,6298139.916988334,1702,F3,LightGBM (Tweedie),own-targeted,0.1,2,3
7.567212850783698,2293.4534055039667,486688424548.01514,36828749005.674126,16058206.771190684,2184,F3,LightGBM (Tweedie),own-targeted,0.25,1,3
16.680435977842908,2515.75852741069,486688424548.01514,81181751068.30396,16134646.903464766,4398,F3,LightGBM (Tweedie),own-targeted,0.25,2,3
0.4879496200405809,720.9798449102357,487502150264.2571,2378764889.904104,3299350.053537583,431,F3,LightGBM (squared error),prevalence,0.05,1,3
1.208333978430725,875.5797226064184,487502150264.2571,5890654127.223429,3363859.380895767,874,F3,LightGBM (squared error),prevalence,0.05,2,3
1.1158997114165599,887.753449110199,487502150264.2571,5440035087.948369,6127867.025919134,863,F3,LightGBM (squared error),prevalence,0.1,1,3
1.8336818155338133,709.6728873567644,487502150264.2571,8939238279.732008,6298139.916988334,1702,F3,LightGBM (squared error),prevalence,0.1,2,3
2.487327725865833,755.1139626293328,487502150264.2571,12125776147.714981,16058206.771190684,2184,F3,LightGBM (squared error),prevalence,0.25,1,3
5.160383038290694,779.5949432316644,487502150264.2571,25156978273.53913,16134646.903464766,4398,F3,LightGBM (squared error),prevalence,0.25,2,3
1.0456390518368401,1545.005161317091,487502150264.2571,5097512861.707386,3299350.053537583,431,F3,LightGBM (squared error),chronic,0.05,1,3
2.240752142059057,1623.6877998927248,487502150264.2571,10923714874.630302,3363859.380895767,874,F3,LightGBM (squared error),chronic,0.05,2,3
2.008670638162395,1597.9969068110902,487502150264.2571,9792312552.76845,6127867.025919134,863,F3,LightGBM (squared error),chronic,0.1,1,3
4.05627675826269,1569.8632197628062,487502150264.2571,19774436417.199917,6298139.916988334,1702,F3,LightGBM (squared error),chronic,0.1,2,3
5.047981166861139,1532.4884704768363,487502150264.2571,24609016733.38279,16058206.771190684,2184,F3,LightGBM (squared error),chronic,0.25,1,3
10.438864508765706,1577.0313799825735,487502150264.2571,50889688943.4052,16134646.903464766,4398,F3,LightGBM (squared error),chronic,0.25,2,3
3.6604199010254517,5408.527569563814,487502150264.2571,17844625726.199867,3299350.053537583,431,F3,LightGBM (squared error),targeted,0.05,1,3
7.5302350869985215,5456.538727147353,487502150264.2571,36710057969.07134,3363859.380895767,874,F3,LightGBM (squared error),targeted,0.05,2,3
6.577678665325175,5232.868924097421,487502150264.2571,32066324930.933517,6127867.025919134,863,F3,LightGBM (squared error),targeted,0.1,1,3
12.961963151251627,5016.548529540185,487502150264.2571,63189849078.81235,6298139.916988334,1702,F3,LightGBM (squared error),targeted,0.1,2,3
16.949212032699858,5145.516824487455,487502150264.2571,82627773112.26001,16058206.771190684,2184,F3,LightGBM (squared error),targeted,0.25,1,3
33.83359851986401,5111.345828730025,487502150264.2571,164939520296.1129,16134646.903464766,4398,F3,LightGBM (squared error),targeted,0.25,2,3
4.534284470547292,6699.723865103524,487502150264.2571,22104734293.016335,3299350.053537583,431,F3,LightGBM (squared error),own-targeted,0.05,1,3
8.81332094399568,6386.284955262878,487502150264.2571,42965129111.66907,3363859.380895767,874,F3,LightGBM (squared error),own-targeted,0.05,2,3
8.241180594128373,6556.267039347254,487502150264.2571,40175932603.5365,6127867.025919134,863,F3,LightGBM (squared error),own-targeted,0.1,1,3
16.147378301329805,6249.370248027841,487502150264.2571,78718816430.28687,6298139.916988334,1702,F3,LightGBM (squared error),own-targeted,0.1,2,3
21.39462116752484,6495.073809841215,487502150264.2571,104299238232.57549,16058206.771190684,2184,F3,LightGBM (squared error),own-targeted,0.25,1,3
41.09649097939498,6208.573339298936,487502150264.2571,200346277207.70697,16134646.903464766,4398,F3,LightGBM (squared error),own-targeted,0.25,2,3
0.16722919402605946,250.3363388965129,493901329819.18494,825947213.1406126,3299350.053537583,431,F3,CANN,prevalence,0.05,1,3
0.5851579278642103,429.58139149296306,493901329819.18494,2890102787.2637215,3363859.380895767,874,F3,CANN,prevalence,0.05,2,3
0.3861708157356439,311.2506825335131,493901329819.18494,1907302794.2919395,6127867.025919134,863,F3,CANN,prevalence,0.1,1,3
0.7839104014138062,307.37201365836785,493901329819.18494,3871743897.1736994,6298139.916988334,1702,F3,CANN,prevalence,0.1,2,3
1.0763429309692214,331.05016800562714,493901329819.18494,5316072049.471777,16058206.771190684,2184,F3,CANN,prevalence,0.25,1,3
1.6772978397976555,256.72071986930575,493901329819.18494,8284196335.789082,16134646.903464766,4398,F3,CANN,prevalence,0.25,2,3
0.5927003557499063,887.2520015731886,493901329819.18494,2927354938.8918276,3299350.053537583,431,F3,CANN,chronic,0.05,1,3
1.3696696289606534,1005.5141647693893,493901329819.18494,6764816511.566163,3363859.380895767,874,F3,CANN,chronic,0.05,2,3
0.9872598007931365,795.7237427416532,493901329819.18494,4876089284.887537,6127867.025919134,863,F3,CANN,chronic,0.1,1,3
2.1512000093932615,843.4875688300328,493901329819.18494,10624805453.463749,6298139.916988334,1702,F3,CANN,chronic,0.1,2,3
2.4701623202883876,759.7463852865907,493901329819.18494,12200164548.596779,16058206.771190684,2184,F3,CANN,chronic,0.25,1,3
5.60805710252431,858.3475291435992,493901329819.18494,27698268606.386814,16134646.903464766,4398,F3,CANN,chronic,0.25,2,3
2.3587144691538673,3530.9142530352538,493901329819.18494,11649722129.788479,3299350.053537583,431,F3,CANN,targeted,0.05,1,3
6.311118806954405,4633.175199154132,493901329819.18494,31170699714.016483,3363859.380895767,874,F3,CANN,targeted,0.05,2,3
4.106746362580876,3310.0057183511763,493901329819.18494,20283274897.08795,6127867.025919134,863,F3,CANN,targeted,0.1,1,3
11.476078024939,4499.781103891755,493901329819.18494,56680501976.26098,6298139.916988334,1702,F3,CANN,targeted,0.1,2,3
10.813286218683855,3325.8361404991547,493901329819.18494,53406964431.23422,16058206.771190684,2184,F3,CANN,targeted,0.25,1,3
26.6201980964758,4074.3845584486176,493901329819.18494,131477512398.99533,16134646.903464766,4398,F3,CANN,targeted,0.25,2,3
2.5463967136880155,3811.868103504911,493901329819.18494,12576687231.377132,3299350.053537583,431,F3,CANN,own-targeted,0.05,1,3
7.191892032295244,5279.7763468351795,493901329819.18494,35520850386.666214,3363859.380895767,874,F3,CANN,own-targeted,0.05,2,3
4.759706978384052,3836.286910649684,493901329819.18494,23508256061.735382,6127867.025919134,863,F3,CANN,own-targeted,0.1,1,3
13.036333424375842,5111.558729346536,493901329819.18494,64386624142.655174,6298139.916988334,1702,F3,CANN,own-targeted,0.1,2,3
12.062237385855965,3709.975323120845,493901329819.18494,59575550854.68951,16058206.771190684,2184,F3,CANN,own-targeted,0.25,1,3
31.455994957051878,4814.532921925069,493901329819.18494,155361577400.735,16134646.903464766,4398,F3,CANN,own-targeted,0.25,2,3
0.050223681242600134,72.50126336693377,476283381171.8647,239207047.1712355,3299350.053537583,431,F3,Constrained WLS,prevalence,0.05,1,3
0.9049874425780069,640.6785038593856,476283381171.8647,4310304790.6913185,3363859.380895767,874,F3,Constrained WLS,prevalence,0.05,2,3
0.030748870646968435,23.899304630811145,476283381171.8647,146451760.78954428,6127867.025919134,863,F3,Constrained WLS,prevalence,0.1,1,3
0.4894943947719287,185.08484130194785,476283381171.8647,2331380454.0664973,6298139.916988334,1702,F3,Constrained WLS,prevalence,0.1,2,3
0.9634100581848764,285.7456044161103,476283381171.8647,4588561999.672758,16058206.771190684,2184,F3,Constrained WLS,prevalence,0.25,1,3
1.4237699177463288,210.1434120288649,476283381171.8647,6781179504.350092,16134646.903464766,4398,F3,Constrained WLS,prevalence,0.25,2,3
-0.003863599561826738,-5.577365944628795,476283381171.8647,-18401682.628009737,3299350.053537583,431,F3,Constrained WLS,chronic,0.05,1,3
0.3857172994509246,273.0654268759094,476283381171.8647,1837107395.5896697,3363859.380895767,874,F3,Constrained WLS,chronic,0.05,2,3
0.12587647802211377,97.83644832499577,476283381171.8647,599528745.6237826,6127867.025919134,863,F3,Constrained WLS,chronic,0.1,1,3
0.6933995680347086,262.1843076841359,476283381171.8647,3302546907.666815,6298139.916988334,1702,F3,Constrained WLS,chronic,0.1,2,3
0.44796002031103993,132.86409631138363,476283381171.8647,2133559131.0355926,16058206.771190684,2184,F3,Constrained WLS,chronic,0.25,1,3
2.5875545860180806,381.9139193343014,476283381171.8647,12324092471.95456,16134646.903464766,4398,F3,Constrained WLS,chronic,0.25,2,3
10.092386302335537,14569.03873238629,476283381171.8647,48068358721.68983,3299350.053537583,431,F3,Constrained WLS,targeted,0.05,1,3
20.79826546213162,14723.96297697827,476283381171.8647,99058681968.14062,3363859.380895767,874,F3,Constrained WLS,targeted,0.05,2,3
18.51635940810197,14391.686746109648,476283381171.8647,88190342658.84274,6127867.025919134,863,F3,Constrained WLS,targeted,0.1,1,3
39.017544376327365,14753.092345927706,476283381171.8647,185834079605.80472,6298139.916988334,1702,F3,Constrained WLS,targeted,0.1,2,3
50.01930463367005,14835.631321879806,476283381171.8647,238233635347.89893,16058206.771190684,2184,F3,Constrained WLS,targeted,0.25,1,3
99.50445343029709,14686.5059412187,476283381171.8647,473923175214.40247,16134646.903464766,4398,F3,Constrained WLS,targeted,0.25,2,3
10.66605748043354,15397.17167963875,476283381171.8647,50800659205.543465,3299350.053537583,431,F3,Constrained WLS,own-targeted,0.05,1,3
21.645005821166706,15323.405931499925,476283381171.8647,103091565579.89972,3363859.380895767,874,F3,Constrained WLS,own-targeted,0.05,2,3
19.649281335891946,15272.240916246232,476283381171.8647,93586261522.5583,6127867.025919134,863,F3,Constrained WLS,own-targeted,0.1,1,3
40.85863442707188,15449.234862581885,476283381171.8647,194602885549.9095,6298139.916988334,1702,F3,Constrained WLS,own-targeted,0.1,2,3
51.90887776393272,15396.075144952012,476283381171.8647,247233358142.429,16058206.771190684,2184,F3,Constrained WLS,own-targeted,0.25,1,3
105.00731333426432,15498.708630517649,476283381171.8647,500132382426.16846,16134646.903464766,4398,F3,Constrained WLS,own-targeted,0.25,2,3
0.39035306475248394,571.8769432838641,495431787276.6825,1933933165.3925369,3381729.562810133,461,F3,WLS,prevalence,0.05,1,4
0.3830868134032997,281.03083511936205,495431787276.6825,1897933846.4652574,3376735.9472478335,880,F3,WLS,prevalence,0.05,2,4
0.5592233979447022,400.06260437626537,495431787276.6825,2770570475.306833,6925342.29642985,890,F3,WLS,prevalence,0.1,1,4
0.5522519539779824,213.90012579954603,495431787276.6825,2736031725.8635206,6395582.320572266,1792,F3,WLS,prevalence,0.1,2,4
0.9016978219159856,289.1094678359988,495431787276.6825,4467297634.953285,15451924.381416034,2187,F3,WLS,prevalence,0.25,1,4
1.6548749526723758,248.91170696085453,495431787276.6825,8198776555.2189045,16469246.576072652,4314,F3,WLS,prevalence,0.25,2,4
0.35434680271411395,519.1268743516852,495431787276.6825,1755546697.8443148,3381729.562810133,461,F3,WLS,chronic,0.05,1,4
1.4881992079605657,1091.7365244750254,495431787276.6825,7373011934.236464,3376735.9472478335,880,F3,WLS,chronic,0.05,2,4
1.0364011553299672,741.4306105641105,495431787276.6825,5134660767.207443,6925342.29642985,890,F3,WLS,chronic,0.1,1,4
2.314575053927711,896.4891688321067,495431787276.6825,11467140557.534294,6395582.320572266,1792,F3,WLS,chronic,0.1,2,4
1.8144525851627682,581.7640994134915,495431787276.6825,8989374871.959871,15451924.381416034,2187,F3,WLS,chronic,0.25,1,4
5.78100284526852,869.5275034754982,495431787276.6825,28640925718.829697,16469246.576072652,4314,F3,WLS,chronic,0.25,2,4
5.687634020765592,8332.52522399222,495431787276.6825,28178346882.83561,3381729.562810133,461,F3,WLS,targeted,0.05,1,4
11.607412539781318,8515.147808534832,495431787276.6825,57506811402.41635,3376735.9472478335,880,F3,WLS,targeted,0.05,2,4
11.874754264701942,8495.075733463109,495431787276.6825,58831307288.326904,6925342.29642985,890,F3,WLS,targeted,0.1,1,4
22.248785088142828,8617.475945464108,495431787276.6825,110227553609.53403,6395582.320572266,1792,F3,WLS,targeted,0.1,2,4
26.980833257062212,8650.807571150888,495431787276.6825,133671624427.60486,15451924.381416034,2187,F3,WLS,targeted,0.25,1,4
57.03630955693362,8578.89905677647,495431787276.6825,282576007834.5775,16469246.576072652,4314,F3,WLS,targeted,0.25,2,4
6.005369966261364,8798.016282444,495431787276.6825,29752511756.42578,3381729.562810133,461,F3,WLS,own-targeted,0.05,1,4
12.097385835550854,8874.590106412455,495431787276.6825,59934294858.82583,3376735.9472478335,880,F3,WLS,own-targeted,0.05,2,4
12.453316137537566,8908.97288170496,495431787276.6825,61697686715.41789,6925342.29642985,890,F3,WLS,own-targeted,0.1,1,4
23.127209884610853,8957.710458201462,495431787276.6825,114579549278.55713,6395582.320572266,1792,F3,WLS,own-targeted,0.1,2,4
28.17984737389883,9035.24493455708,495431787276.6825,139611921496.34827,15451924.381416034,2187,F3,WLS,own-targeted,0.25,1,4
59.45237983036015,8942.303055927478,495431787276.6825,294545987972.0752,16469246.576072652,4314,F3,WLS,own-targeted,0.25,2,4
0.9871064072924971,1533.2951007077088,525291836044.0482,5185189370.575199,3381729.562810133,461,F3,Payment-form WLS (non-negative),prevalence,0.05,1,4
1.613238497234872,1254.7931277838393,525291836044.0482,8474210121.89447,3376735.9472478335,880,F3,Payment-form WLS (non-negative),prevalence,0.05,2,4
1.7569232889348263,1332.638042611835,525291836044.0482,9228974602.331226,6925342.29642985,890,F3,Payment-form WLS (non-negative),prevalence,0.1,1,4
2.760059271299348,1133.467235303683,525291836044.0482,14498366022.112322,6395582.320572266,1792,F3,Payment-form WLS (non-negative),prevalence,0.1,2,4
3.8715551850756764,1316.1443722570732,525291836044.0482,20336963315.14257,15451924.381416034,2187,F3,Payment-form WLS (non-negative),prevalence,0.25,1,4
7.9054177699382375,1260.7290187455453,525291836044.0482,41526514150.66102,16469246.576072652,4314,F3,Payment-form WLS (non-negative),prevalence,0.25,2,4
1.942371455445193,3017.13028543448,525291836044.0482,10203118681.103556,3381729.562810133,461,F3,Payment-form WLS (non-negative),chronic,0.05,1,4
4.104145678674792,3192.245785016809,525291836044.0482,21558742189.433277,3376735.9472478335,880,F3,Payment-form WLS (non-negative),chronic,0.05,2,4
3.736671791403003,2834.2904971093926,525291836044.0482,19628431860.000862,6925342.29642985,890,F3,Payment-form WLS (non-negative),chronic,0.1,1,4
7.147937330533327,2935.4270933281296,525291836044.0482,37547531242.83644,6395582.320572266,1792,F3,Payment-form WLS (non-negative),chronic,0.1,2,4
8.644275232118982,2938.6418777786885,525291836044.0482,45407672079.49871,15451924.381416034,2187,F3,Payment-form WLS (non-negative),chronic,0.25,1,4
18.632455682304496,2971.440378331218,525291836044.0482,97874768553.67088,16469246.576072652,4314,F3,Payment-form WLS (non-negative),chronic,0.25,2,4
5.878413969490076,9131.075710544017,525291836044.0482,30878828670.60424,3381729.562810133,461,F3,Payment-form WLS (non-negative),targeted,0.05,1,4
11.90388829758702,9258.964037444486,525291836044.0482,62530153399.02745,3376735.9472478335,880,F3,Payment-form WLS (non-negative),targeted,0.05,2,4
12.183292732889377,9241.108864786056,525291836044.0482,63997842087.21571,6925342.29642985,890,F3,Payment-form WLS (non-negative),targeted,0.1,1,4
22.780520951037417,9355.224494506714,525291836044.0482,119664216764.10352,6395582.320572266,1792,F3,Payment-form WLS (non-negative),targeted,0.1,2,4
27.68328377664174,9410.998011516236,525291836044.0482,145418029627.60553,15451924.381416034,2187,F3,Payment-form WLS (non-negative),targeted,0.25,1,4
58.41922507831872,9316.49843844234,525291836044.0482,306871420016.60547,16469246.576072652,4314,F3,Payment-form WLS (non-negative),targeted,0.25,2,4
6.002317329927675,9323.537651948369,525291836044.0482,31529682907.567177,3381729.562810133,461,F3,Payment-form WLS (non-negative),own-targeted,0.05,1,4
12.101983564771711,9413.044528541062,525291836044.0482,63570731665.13828,3376735.9472478335,880,F3,Payment-form WLS (non-negative),own-targeted,0.05,2,4
12.413760482801624,9415.92019153124,525291836044.0482,65208470362.21916,6925342.29642985,890,F3,Payment-form WLS (non-negative),own-targeted,0.1,1,4
23.249235521175425,9547.710436198386,525291836044.0482,122126336135.38744,6395582.320572266,1792,F3,Payment-form WLS (non-negative),own-targeted,0.1,2,4
28.1524781929286,9570.50176671799,525291836044.0482,147882669591.53494,15451924.381416034,2187,F3,Payment-form WLS (non-negative),own-targeted,0.25,1,4
59.537593030342755,9494.851938761243,525291836044.0482,312746115565.52075,16469246.576072652,4314,F3,Payment-form WLS (non-negative),own-targeted,0.25,2,4
0.3016327251347698,440.8675821144942,494274928244.2997,1490894935.721209,3381729.562810133,461,F3,Tweedie GLM,prevalence,0.05,1,4
0.5920019205092506,433.275967311994,494274928244.2997,2926117067.801975,3376735.9472478335,880,F3,Tweedie GLM,prevalence,0.05,2,4
0.674842108127221,481.6477226588056,494274928244.2997,3335575345.708141,6925342.29642985,890,F3,Tweedie GLM,prevalence,0.1,1,4
0.982938721800155,379.8262158424089,494274928244.2997,4858419661.8631525,6395582.320572266,1792,F3,Tweedie GLM,prevalence,0.1,2,4
1.328543081451922,424.9733043243976,494274928244.2997,6566655362.541095,15451924.381416034,2187,F3,Tweedie GLM,prevalence,0.25,1,4
2.6957881358111866,404.52988581935927,494274928244.2997,13324604873.899086,16469246.576072652,4314,F3,Tweedie GLM,prevalence,0.25,2,4
0.7123408274854559,1041.1601662738483,494274928244.2997,3520922113.9085875,3381729.562810133,461,F3,Tweedie GLM,chronic,0.05,1,4
1.7403072956570234,1273.700812148184,494274928244.2997,8601902636.839066,3376735.9472478335,880,F3,Tweedie GLM,chronic,0.05,2,4
1.5140119729590438,1080.5793089550605,494274928244.2997,7483381592.953419,6925342.29642985,890,F3,Tweedie GLM,chronic,0.1,1,4
3.2251729357127363,1246.26815938805,494274928244.2997,15941221213.748701,6395582.320572266,1792,F3,Tweedie GLM,chronic,0.1,2,4
3.624916921391683,1159.5355419725577,494274928244.2997,17917055512.124218,15451924.381416034,2187,F3,Tweedie GLM,chronic,0.25,1,4
7.980749718972071,1197.591060544224,494274928244.2997,39446844946.80635,16469246.576072652,4314,F3,Tweedie GLM,chronic,0.25,2,4
1.864669679798432,2725.4085670168583,494274928244.2997,9216594721.816912,3381729.562810133,461,F3,Tweedie GLM,targeted,0.05,1,4
5.2596784630859865,3849.4677042319377,494274928244.2997,25997271949.299145,3376735.9472478335,880,F3,Tweedie GLM,targeted,0.05,2,4
3.9991843359830805,2854.2943671142293,494274928244.2997,19766965507.037643,6925342.29642985,890,F3,Tweedie GLM,targeted,0.1,1,4
9.733569589215987,3761.2364043811917,494274928244.2997,48110594102.7063,6395582.320572266,1792,F3,Tweedie GLM,targeted,0.1,2,4
9.544492704096822,3053.084735594189,494274928244.2997,47176034464.45698,15451924.381416034,2187,F3,Tweedie GLM,targeted,0.25,1,4
24.064321937457244,3611.0914193746953,494274928244.2997,118943909988.84406,16469246.576072652,4314,F3,Tweedie GLM,targeted,0.25,2,4
1.9663945545942572,2874.0900456995755,494274928244.2997,9719395273.720581,3381729.562810133,461,F3,Tweedie GLM,own-targeted,0.05,1,4
5.7004886922078715,4172.089087384734,494274928244.2997,28176086392.984875,3376735.9472478335,880,F3,Tweedie GLM,own-targeted,0.05,2,4
4.484004898280459,3200.3200773010517,494274928244.2997,22163311993.44662,6925342.29642985,890,F3,Tweedie GLM,own-targeted,0.1,1,4
11.005720389671573,4252.819667713225,494274928244.2997,54398516558.81743,6395582.320572266,1792,F3,Tweedie GLM,own-targeted,0.1,2,4
10.713031693495994,3426.876058201615,494274928244.2997,52951829715.81641,15451924.381416034,2187,F3,Tweedie GLM,own-targeted,0.25,1,4
27.513048311267635,4128.607194330034,494274928244.2997,135990099798.33762,16469246.576072652,4314,F3,Tweedie GLM,own-targeted,0.25,2,4
0.4256160055585318,626.7713932084225,498000855666.86426,2119571349.5366168,3381729.562810133,461,F3,Two-part,prevalence,0.05,1,4
0.9508182903984777,701.1331794955332,498000855666.86426,4735083222.021469,3376735.9472478335,880,F3,Two-part,prevalence,0.05,2,4
0.9741574561079246,700.5159108829854,498000855666.86426,4851312466.960022,6925342.29642985,890,F3,Two-part,prevalence,0.1,1,4
1.7864996908629553,695.5413362725142,498000855666.86426,8896783746.983402,6395582.320572266,1792,F3,Two-part,prevalence,0.1,2,4
2.152567055402045,693.7519295394604,498000855666.86426,10719802354.705208,15451924.381416034,2187,F3,Two-part,prevalence,0.25,1,4
4.652556447249477,703.4253452537552,498000855666.86426,23169770917.686256,16469246.576072652,4314,F3,Two-part,prevalence,0.25,2,4
0.608399656504215,895.9425758302021,498000855666.86426,3029835495.265254,3381729.562810133,461,F3,Two-part,chronic,0.05,1,4
1.3247032699675856,976.8358738358468,498000855666.86426,6597033619.485506,3376735.9472478335,880,F3,Two-part,chronic,0.05,2,4
1.264833235987816,909.5406506080442,498000855666.86426,6298880337.978213,6925342.29642985,890,F3,Two-part,chronic,0.1,1,4
2.507054801419238,976.0764334894731,498000855666.86426,12485154363.10501,6395582.320572266,1792,F3,Two-part,chronic,0.1,2,4
2.8044055208099694,903.8332796139772,498000855666.86426,13965963490.002428,15451924.381416034,2187,F3,Two-part,chronic,0.25,1,4
6.323820177251915,956.105625356976,498000855666.86426,31492678593.54835,16469246.576072652,4314,F3,Two-part,chronic,0.25,2,4
0.8051251085235896,1185.6447581528153,498000855666.86426,4009529929.6362457,3381729.562810133,461,F3,Two-part,targeted,0.05,1,4
1.7877462825798625,1318.2836803772805,498000855666.86426,8902991784.400272,3376735.9472478335,880,F3,Two-part,targeted,0.05,2,4
1.6861617012612997,1212.517640396937,498000855666.86426,8397099700.208227,6925342.29642985,890,F3,Two-part,targeted,0.1,1,4
3.3434281431561694,1301.7032638268527,498000855666.86426,16650300761.524475,6395582.320572266,1792,F3,Two-part,targeted,0.1,2,4
3.7751013968291507,1216.679346496909,498000855666.86426,18800037258.500916,15451924.381416034,2187,F3,Two-part,targeted,0.25,1,4
8.57411601765373,1296.3304343205577,498000855666.86426,42699171133.78524,16469246.576072652,4314,F3,Two-part,targeted,0.25,2,4
1.0528503252802155,1550.4503040242712,498000855666.86426,5243203628.786837,3381729.562810133,461,F3,Two-part,own-targeted,0.05,1,4
1.9539945939921652,1440.8751453746788,498000855666.86426,9730909797.765253,3376735.9472478335,880,F3,Two-part,own-targeted,0.05,2,4
2.1008487727630842,1510.7188088046519,498000855666.86426,10462244864.626976,6925342.29642985,890,F3,Two-part,own-targeted,0.1,1,4
3.8231471213982506,1488.4731697318514,498000855666.86426,19039305377.966377,6395582.320572266,1792,F3,Two-part,own-targeted,0.1,2,4
4.77159684334635,1537.8403700588312,498000855666.86426,23762593108.837906,15451924.381416034,2187,F3,Two-part,own-targeted,0.25,1,4
9.692027444671155,1465.3487450984398,498000855666.86426,48266379605.92967,16469246.576072652,4314,F3,Two-part,own-targeted,0.25,2,4
0.4001275527275812,586.9282501040653,496049972338.8633,1984832614.6253371,3381729.562810133,461,F3,LightGBM (Tweedie),prevalence,0.05,1,4
0.8261118351132932,606.7882703276713,496049972338.8633,4097927529.567567,3376735.9472478335,880,F3,LightGBM (Tweedie),prevalence,0.05,2,4
0.8166826283653582,584.9752660155311,496049972338.8633,4051153952.102661,6925342.29642985,890,F3,LightGBM (Tweedie),prevalence,0.1,1,4
1.5485911334357059,600.554062476875,496049972338.8633,7681785889.049909,6395582.320572266,1792,F3,LightGBM (Tweedie),prevalence,0.1,2,4
1.769270981335597,567.9854493767899,496049972338.8633,8776468213.514763,15451924.381416034,2187,F3,LightGBM (Tweedie),prevalence,0.25,1,4
4.021063262958014,605.5675683613445,496049972338.8633,19946483203.631424,16469246.576072652,4314,F3,LightGBM (Tweedie),prevalence,0.25,2,4
0.46948228685159443,688.6614410786789,496049972338.8633,2328866754.063197,3381729.562810133,461,F3,LightGBM (Tweedie),chronic,0.05,1,4
0.9805413232517918,720.218435605834,496049972338.8633,4863974962.761637,3376735.9472478335,880,F3,LightGBM (Tweedie),chronic,0.05,2,4
0.9173328326679769,657.0692202536541,496049972338.8633,4550429262.704811,6925342.29642985,890,F3,LightGBM (Tweedie),chronic,0.1,1,4
1.7895522760175537,694.0004150693402,496049972338.8633,8877073570.174574,6395582.320572266,1792,F3,LightGBM (Tweedie),chronic,0.1,2,4
2.1542177345392086,691.5641192984762,496049972338.8633,10685996476.30063,15451924.381416034,2187,F3,LightGBM (Tweedie),chronic,0.25,1,4
4.665000486532764,702.5437841423067,496049972338.8633,23140733623.053616,16469246.576072652,4314,F3,LightGBM (Tweedie),chronic,0.25,2,4
0.8333598170789202,1222.4162415483136,496049972338.8633,4133881142.1031847,3381729.562810133,461,F3,LightGBM (Tweedie),targeted,0.05,1,4
1.9913510710351945,1462.6693634559665,496049972338.8633,9878096437.03974,3376735.9472478335,880,F3,LightGBM (Tweedie),targeted,0.05,2,4
1.7313715071653848,1240.1506690585354,496049972338.8633,8588467882.376852,6925342.29642985,890,F3,LightGBM (Tweedie),targeted,0.1,1,4
3.6357481774055804,1409.9676092291586,496049972338.8633,18035127828.33111,6395582.320572266,1792,F3,LightGBM (Tweedie),targeted,0.1,2,4
4.108323974719295,1318.886854293443,496049972338.8633,20379339940.18595,15451924.381416034,2187,F3,LightGBM (Tweedie),targeted,0.25,1,4
9.14427755849138,1377.1178326210422,496049972338.8633,45360186299.485374,16469246.576072652,4314,F3,LightGBM (Tweedie),targeted,0.25,2,4
1.3385955175429214,1963.5226800877492,496049972338.8633,6640102694.500925,3381729.562810133,461,F3,LightGBM (Tweedie),own-targeted,0.05,1,4
2.960179124866339,2174.2842732562885,496049972338.8633,14683967730.08028,3376735.9472478335,880,F3,LightGBM (Tweedie),own-targeted,0.05,2,4
2.786535442510436,1995.9458608871166,496049972338.8633,13822608291.785639,6925342.29642985,890,F3,LightGBM (Tweedie),own-targeted,0.1,1,4
5.984187470381045,2320.7081703918066,496049972338.8633,29684560291.530895,6395582.320572266,1792,F3,LightGBM (Tweedie),own-targeted,0.1,2,4
6.623557901027164,2126.347264254658,496049972338.8633,32856157135.893837,15451924.381416034,2187,F3,LightGBM (Tweedie),own-targeted,0.25,1,4
14.966917269058317,2254.0007713834602,496049972338.8633,74243388973.14433,16469246.576072652,4314,F3,LightGBM (Tweedie),own-targeted,0.25,2,4
0.45417913149289935,662.8579744212946,493551167944.83984,2241606408.0449347,3381729.562810133,461,F3,LightGBM (squared error),prevalence,0.05,1,4
1.0994214642977391,803.4693210317962,493551167944.83984,5426207477.677752,3376735.9472478335,880,F3,LightGBM (squared error),prevalence,0.05,2,4
0.9750713366130948,694.9080296912134,493551167944.83984,4812475970.14929,6925342.29642985,890,F3,LightGBM (squared error),prevalence,0.1,1,4
1.984512295581589,765.7303996655838,493551167944.83984,9794583612.851885,6395582.320572266,1792,F3,LightGBM (squared error),prevalence,0.1,2,4
2.166442163274388,691.985045729969,493551167944.83984,10692500599.690197,15451924.381416034,2187,F3,LightGBM (squared error),prevalence,0.25,1,4
4.999621933445791,749.1445443897284,493551167944.83984,24675692445.348083,16469246.576072652,4314,F3,LightGBM (squared error),prevalence,0.25,2,4
0.8148298031879756,1189.214552997858,493551167944.83984,4021602010.3968935,3381729.562810133,461,F3,LightGBM (squared error),chronic,0.05,1,4
1.5988401734814288,1168.4500169787386,493551167944.83984,7891094349.788896,3376735.9472478335,880,F3,LightGBM (squared error),chronic,0.05,2,4
1.4685837360173797,1046.6215056399935,493551167944.83984,7248212181.36174,6925342.29642985,890,F3,LightGBM (squared error),chronic,0.1,1,4
3.007019188138687,1160.2679458636042,493551167944.83984,14841178323.38393,6395582.320572266,1792,F3,LightGBM (squared error),chronic,0.1,2,4
3.5045085691806124,1119.3779199903663,493551167944.83984,17296542973.917908,15451924.381416034,2187,F3,LightGBM (squared error),chronic,0.25,1,4
7.746030738377806,1160.6670955480545,493551167944.83984,38230625178.62997,16469246.576072652,4314,F3,LightGBM (squared error),chronic,0.25,2,4
1.343995927371803,1961.5133243128116,493551167944.83984,6633307596.674615,3381729.562810133,461,F3,LightGBM (squared error),targeted,0.05,1,4
2.8688301801677056,2096.5727083445777,493551167944.83984,14159144860.571764,3376735.9472478335,880,F3,LightGBM (squared error),targeted,0.05,2,4
2.655302654381216,1892.365272677547,493551167944.83984,13105277263.168825,6925342.29642985,890,F3,LightGBM (squared error),targeted,0.1,1,4
5.2222319371625625,2015.014851403555,493551167944.83984,25774386718.654263,6395582.320572266,1792,F3,LightGBM (squared error),targeted,0.1,2,4
6.214084974442874,1984.8459137771815,493551167944.83984,30669688968.44761,15451924.381416034,2187,F3,LightGBM (squared error),targeted,0.25,1,4
13.029428276767007,1952.3326443465567,493551167944.83984,64306895436.51878,16469246.576072652,4314,F3,LightGBM (squared error),targeted,0.25,2,4
2.0539107641676835,2997.608287952721,493551167944.83984,10137100565.094387,3381729.562810133,461,F3,LightGBM (squared error),own-targeted,0.05,1,4
4.137798403176245,3023.948668939323,493551167944.83984,20422152346.079292,3376735.9472478335,880,F3,LightGBM (squared error),own-targeted,0.05,2,4
4.423295272134431,3152.3677159644208,493551167944.83984,21831225477.268364,6925342.29642985,890,F3,LightGBM (squared error),own-targeted,0.1,1,4
7.866136495963818,3035.1738592343586,493551167944.83984,38823408547.96472,6395582.320572266,1792,F3,LightGBM (squared error),own-targeted,0.1,2,4
9.828458010537865,3139.315732111577,493551167944.83984,48508469301.9778,15451924.381416034,2187,F3,LightGBM (squared error),own-targeted,0.25,1,4
19.618421474527175,2939.628958514265,493551167944.83984,96826948319.87013,16469246.576072652,4314,F3,LightGBM (squared error),own-targeted,0.25,2,4
0.3016327251347698,440.8675821144942,494274928244.2997,1490894935.721209,3381729.562810133,461,F3,CANN,prevalence,0.05,1,4
0.5920019205092506,433.275967311994,494274928244.2997,2926117067.801975,3376735.9472478335,880,F3,CANN,prevalence,0.05,2,4
0.674842108127221,481.6477226588056,494274928244.2997,3335575345.708141,6925342.29642985,890,F3,CANN,prevalence,0.1,1,4
0.982938721800155,379.8262158424089,494274928244.2997,4858419661.8631525,6395582.320572266,1792,F3,CANN,prevalence,0.1,2,4
1.328543081451922,424.9733043243976,494274928244.2997,6566655362.541095,15451924.381416034,2187,F3,CANN,prevalence,0.25,1,4
2.6957881358111866,404.52988581935927,494274928244.2997,13324604873.899086,16469246.576072652,4314,F3,CANN,prevalence,0.25,2,4
0.7123408274854559,1041.1601662738483,494274928244.2997,3520922113.9085875,3381729.562810133,461,F3,CANN,chronic,0.05,1,4
1.7403072956570234,1273.700812148184,494274928244.2997,8601902636.839066,3376735.9472478335,880,F3,CANN,chronic,0.05,2,4
1.5140119729590438,1080.5793089550605,494274928244.2997,7483381592.953419,6925342.29642985,890,F3,CANN,chronic,0.1,1,4
3.2251729357127363,1246.26815938805,494274928244.2997,15941221213.748701,6395582.320572266,1792,F3,CANN,chronic,0.1,2,4
3.624916921391683,1159.5355419725577,494274928244.2997,17917055512.124218,15451924.381416034,2187,F3,CANN,chronic,0.25,1,4
7.980749718972071,1197.591060544224,494274928244.2997,39446844946.80635,16469246.576072652,4314,F3,CANN,chronic,0.25,2,4
1.864669679798432,2725.4085670168583,494274928244.2997,9216594721.816912,3381729.562810133,461,F3,CANN,targeted,0.05,1,4
5.2596784630859865,3849.4677042319377,494274928244.2997,25997271949.299145,3376735.9472478335,880,F3,CANN,targeted,0.05,2,4
3.9991843359830805,2854.2943671142293,494274928244.2997,19766965507.037643,6925342.29642985,890,F3,CANN,targeted,0.1,1,4
9.733569589215987,3761.2364043811917,494274928244.2997,48110594102.7063,6395582.320572266,1792,F3,CANN,targeted,0.1,2,4
9.544492704096822,3053.084735594189,494274928244.2997,47176034464.45698,15451924.381416034,2187,F3,CANN,targeted,0.25,1,4
24.064321937457244,3611.0914193746953,494274928244.2997,118943909988.84406,16469246.576072652,4314,F3,CANN,targeted,0.25,2,4
1.9663945545942572,2874.0900456995755,494274928244.2997,9719395273.720581,3381729.562810133,461,F3,CANN,own-targeted,0.05,1,4
5.7004886922078715,4172.089087384734,494274928244.2997,28176086392.984875,3376735.9472478335,880,F3,CANN,own-targeted,0.05,2,4
4.484004898280459,3200.3200773010517,494274928244.2997,22163311993.44662,6925342.29642985,890,F3,CANN,own-targeted,0.1,1,4
11.005720389671573,4252.819667713225,494274928244.2997,54398516558.81743,6395582.320572266,1792,F3,CANN,own-targeted,0.1,2,4
10.713031693495994,3426.876058201615,494274928244.2997,52951829715.81641,15451924.381416034,2187,F3,CANN,own-targeted,0.25,1,4
27.513048311267635,4128.607194330034,494274928244.2997,135990099798.33762,16469246.576072652,4314,F3,CANN,own-targeted,0.25,2,4
0.38257705125931035,542.6800595449273,479693487748.36707,1835197200.510644,3381729.562810133,461,F3,Constrained WLS,prevalence,0.05,1,4
0.5040913843853949,358.05191477411273,479693487748.36707,2418093543.1973286,3376735.9472478335,880,F3,Constrained WLS,prevalence,0.05,2,4
0.3792980996980184,262.72611598457377,479693487748.36707,1819468283.4047031,6925342.29642985,890,F3,Constrained WLS,prevalence,0.1,1,4
0.2259451277005534,84.73380601934822,479693487748.36707,1083844063.4642863,6395582.320572266,1792,F3,Constrained WLS,prevalence,0.1,2,4
0.5766674783703124,179.02212510385138,479693487748.36707,2766236339.705112,15451924.381416034,2187,F3,Constrained WLS,prevalence,0.25,1,4
0.9488753107775658,138.18765332182804,479693487748.36707,4551693072.652062,16469246.576072652,4314,F3,Constrained WLS,prevalence,0.25,2,4
-0.10143381525643566,-143.88241197959746,479693487748.36707,-486571406.15983146,3381729.562810133,461,F3,Constrained WLS,chronic,0.05,1,4
0.9863735800222453,700.6129442981093,479693487748.36707,4731569828.237139,3376735.9472478335,880,F3,Constrained WLS,chronic,0.05,2,4
0.052218456445316606,36.16984175641867,479693487748.36707,250488534.97090122,6925342.29642985,890,F3,Constrained WLS,chronic,0.1,1,4
0.6528401208204453,244.8277098170502,479693487748.36707,3131631544.984247,6395582.320572266,1792,F3,Constrained WLS,chronic,0.1,2,4
-0.6368924045807953,-197.71850504345278,479693487748.36707,-3055131388.7380576,15451924.381416034,2187,F3,Constrained WLS,chronic,0.25,1,4
1.6865879778127837,245.62303616453875,479693487748.36707,8090452694.714797,16469246.576072652,4314,F3,Constrained WLS,chronic,0.25,2,4
8.639922894977929,12255.606695897179,479693487748.36707,41445147473.68931,3381729.562810133,461,F3,Constrained WLS,targeted,0.05,1,4
17.41617831981207,12370.566505632929,479693487748.36707,83544273214.78148,3376735.9472478335,880,F3,Constrained WLS,targeted,0.05,2,4
18.282024643686515,12663.299211870828,479693487748.36707,87697681644.31583,6925342.29642985,890,F3,Constrained WLS,targeted,0.1,1,4
33.27389865635089,12478.357479747423,479693487748.36707,159612724974.50662,6395582.320572266,1792,F3,Constrained WLS,targeted,0.1,2,4
40.32196053853866,12517.652433535333,479693487748.36707,193421818835.83636,15451924.381416034,2187,F3,Constrained WLS,targeted,0.25,1,4
86.23677005678874,12558.928184606604,479693487748.36707,413672170006.94934,16469246.576072652,4314,F3,Constrained WLS,targeted,0.25,2,4
9.040189608917728,12823.37928821473,479693487748.36707,43365200834.08292,3381729.562810133,461,F3,Constrained WLS,own-targeted,0.05,1,4
18.604186910282834,13214.399119643536,479693487748.36707,89243073057.1609,3376735.9472478335,880,F3,Constrained WLS,own-targeted,0.05,2,4
18.762605681387708,12996.180366697583,479693487748.36707,90002997585.52197,6925342.29642985,890,F3,Constrained WLS,own-targeted,0.1,1,4
35.37189016781202,13265.144995687962,479693487748.36707,169676653628.4992,6395582.320572266,1792,F3,Constrained WLS,own-targeted,0.1,2,4
42.56376324399845,13213.603392186857,479693487748.36707,204175600422.0937,15451924.381416034,2187,F3,Constrained WLS,own-targeted,0.25,1,4
90.87202562007342,13233.974823044658,479693487748.36707,435907189084.51984,16469246.576072652,4314,F3,Constrained WLS,own-targeted,0.25,2,4
1.0307980596484527,1648.7725037586008,545197090584.00433,5619881030.999734,3408524.231322667,413,F2,WLS,prevalence,0.05,1,0
2.1722693955351016,1645.0950980404639,545197090584.00433,11843149544.10411,3599533.4124485995,902,F2,WLS,prevalence,0.05,2,0
2.0944081118250653,1723.723803305906,545197090584.00433,11418652090.625635,6624409.3564908495,863,F2,WLS,prevalence,0.1,1,0
4.426660945910173,1743.1169582378286,545197090584.00433,24134026687.120632,6922664.188729616,1734,F2,WLS,prevalence,0.1,2,0
5.875598228234093,1908.3805681306414,545197090584.00433,32033590594.737583,16785745.531938717,2204,F2,WLS,prevalence,0.25,1,0
10.694612793469817,1687.4604574113066,545197090584.00433,58306717799.22216,17276469.366479002,4416,F2,WLS,prevalence,0.25,2,0
1.5422735692675307,2466.8830431725555,545197090584.00433,8408430628.492657,3408524.231322667,413,F2,WLS,chronic,0.05,1,0
3.6262120484126203,2746.189619740687,545197090584.00433,19770002586.352234,3599533.4124485995,902,F2,WLS,chronic,0.05,2,0
3.0452422037279354,2506.272031587705,545197090584.00433,16602571895.960922,6624409.3564908495,863,F2,WLS,chronic,0.1,1,0
7.454547190126672,2935.4287084262355,545197090584.00433,40641974396.782265,6922664.188729616,1734,F2,WLS,chronic,0.1,2,0
7.565711927472572,2457.325546372881,545197090584.00433,41248041310.547455,16785745.531938717,2204,F2,WLS,chronic,0.25,1,0
17.321206676801275,2733.0443753511236,545197090584.00433,94434714855.96286,17276469.366479002,4416,F2,WLS,chronic,0.25,2,0
6.636289169123125,10614.815391457789,545197090584.00433,36180855472.800674,3408524.231322667,413,F2,WLS,targeted,0.05,1,0
14.192456453228697,10748.179110909912,545197090584.00433,77376859665.40463,3599533.4124485995,902,F2,WLS,targeted,0.05,2,0
13.147379416842222,10820.456015211392,545197090584.00433,71679130068.66403,6624409.3564908495,863,F2,WLS,targeted,0.1,1,0
27.22030427940384,10718.727857768352,545197090584.00433,148404306979.42297,6922664.188729616,1734,F2,WLS,targeted,0.1,2,0
33.212177817253796,10787.237709205305,545197090584.00433,181071827179.25378,16785745.531938717,2204,F2,WLS,targeted,0.25,1,0
68.21792141480105,10763.834754686823,545197090584.00433,371922122810.3778,17276469.366479002,4416,F2,WLS,targeted,0.25,2,0
6.687551629945824,10696.810244948581,545197090584.00433,36460336917.76779,3408524.231322667,413,F2,WLS,own-targeted,0.05,1,0
14.481832500638818,10967.328318675394,545197090584.00433,78954529456.7316,3599533.4124485995,902,F2,WLS,own-targeted,0.05,2,0
13.22654592203563,10885.611029010257,545197090584.00433,72110743551.69553,6624409.3564908495,863,F2,WLS,own-targeted,0.1,1,0
27.6671934412261,10894.702500042407,545197090584.00433,150840733687.81317,6922664.188729616,1734,F2,WLS,own-targeted,0.1,2,0
33.48139204701704,10874.677861643848,545197090584.00433,182539575327.36108,16785745.531938717,2204,F2,WLS,own-targeted,0.25,1,0
68.94071480174847,10877.881451178433,545197090584.00433,375862771326.94867,17276469.366479002,4416,F2,WLS,own-targeted,0.25,2,0
1.3586795306149877,2163.607806548043,542785069585.89624,7374709635.697889,3408524.231322667,413,F2,Payment-form WLS (non-negative),prevalence,0.05,1,0
2.9129705498926777,2196.2803806141105,542785069585.89624,15811169226.251637,3599533.4124485995,902,F2,Payment-form WLS (non-negative),prevalence,0.05,2,0
2.8147722471986305,2306.3435060321954,542785069585.89624,15278163500.641582,6624409.3564908495,863,F2,Payment-form WLS (non-negative),prevalence,0.1,1,0
5.869116644884054,2300.8980355334393,542785069585.89624,31856688865.01133,6922664.188729616,1734,F2,Payment-form WLS (non-negative),prevalence,0.1,2,0
7.53638833330392,2436.9719284349503,542785069585.89624,40906390659.18705,16785745.531938717,2204,F2,Payment-form WLS (non-negative),prevalence,0.25,1,0
14.568338464193795,2288.5105860752283,542785069585.89624,79074766070.38318,17276469.366479002,4416,F2,Payment-form WLS (non-negative),prevalence,0.25,2,0
2.5881078784900216,4121.3916040634695,542785069585.89624,14047863149.220127,3408524.231322667,413,F2,Payment-form WLS (non-negative),chronic,0.05,1,0
5.812830440559762,4382.675771613358,542785069585.89624,31551175751.70246,3599533.4124485995,902,F2,Payment-form WLS (non-negative),chronic,0.05,2,0
5.174240943410948,4239.624364052364,542785069585.89624,28085007305.235046,6624409.3564908495,863,F2,Payment-form WLS (non-negative),chronic,0.1,1,0
11.25983038983008,4414.245480532883,542785069585.89624,61116678216.69309,6922664.188729616,1734,F2,Payment-form WLS (non-negative),chronic,0.1,2,0
13.305565973479773,4302.497341600544,542785069585.89624,72220625527.94952,16785745.531938717,2204,F2,Payment-form WLS (non-negative),chronic,0.25,1,0
27.225821337789135,4276.8487634510275,542785069585.89624,147777693293.65054,17276469.366479002,4416,F2,Payment-form WLS (non-negative),chronic,0.25,2,0
6.868112206017456,10937.017045116692,542785069585.89624,37279087616.66928,3408524.231322667,413,F2,Payment-form WLS (non-negative),targeted,0.05,1,0
14.737070773393762,11111.248415648699,542785069585.89624,79990619852.28812,3599533.4124485995,902,F2,Payment-form WLS (non-negative),targeted,0.05,2,0
13.615072477783077,11155.799203485887,542785069585.89624,73900580622.70508,6624409.3564908495,863,F2,Payment-form WLS (non-negative),targeted,0.1,1,0
28.264736894472072,11080.760790816605,542785069585.89624,153416771820.93073,6922664.188729616,1734,F2,Payment-form WLS (non-negative),targeted,0.1,2,0
34.39932581595599,11123.3906299812,542785069585.89624,186714404567.2159,16785745.531938717,2204,F2,Payment-form WLS (non-negative),targeted,0.25,1,0
70.79194412017229,11120.562164727666,542785069585.89624,384248103153.8859,17276469.366479002,4416,F2,Payment-form WLS (non-negative),targeted,0.25,2,0
6.8494262745806855,10907.260928079353,542785069585.89624,37177663170.71744,3408524.231322667,413,F2,Payment-form WLS (non-negative),own-targeted,0.05,1,0
14.783176092422178,11146.010252711483,542785069585.89624,80240872640.2593,3599533.4124485995,902,F2,Payment-form WLS (non-negative),own-targeted,0.05,2,0
13.57994775149302,11127.019011958542,542785069585.89624,73709928852.66974,6624409.3564908495,863,F2,Payment-form WLS (non-negative),own-targeted,0.1,1,0
28.319597688699606,11102.268131921499,542785069585.89624,153714548021.05402,6922664.188729616,1734,F2,Payment-form WLS (non-negative),own-targeted,0.1,2,0
34.33433333887702,11102.374616050363,542785069585.89624,186361635105.27722,16785745.531938717,2204,F2,Payment-form WLS (non-negative),own-targeted,0.25,1,0
70.72641677686245,11110.268607970283,542785069585.89624,383892430517.9038,17276469.366479002,4416,F2,Payment-form WLS (non-negative),own-targeted,0.25,2,0
1.0660356548868453,1747.2413836624457,558659981669.6885,5955514594.183193,3408524.231322667,413,F2,Tweedie GLM,prevalence,0.05,1,0
2.2687496646302656,1760.5888053047138,558659981669.6885,12674596460.554562,3599533.4124485995,902,F2,Tweedie GLM,prevalence,0.05,2,0
1.9454751538410993,1640.6883320378693,558659981669.6885,10868591137.837029,6624409.3564908495,863,F2,Tweedie GLM,prevalence,0.1,1,0
4.394099775354304,1773.022374789425,558659981669.6885,24548076999.54218,6922664.188729616,1734,F2,Tweedie GLM,prevalence,0.1,2,0
5.3218840960835765,1771.2193157636102,558659981669.6885,29731236715.662575,16785745.531938717,2204,F2,Tweedie GLM,prevalence,0.25,1,0
11.33869764497837,1833.2671115061114,558659981669.6885,63344766185.017555,17276469.366479002,4416,F2,Tweedie GLM,prevalence,0.25,2,0
1.7146282527425634,2810.2900940087566,558659981669.6885,9578941882.474905,3408524.231322667,413,F2,Tweedie GLM,chronic,0.05,1,0
4.266467882696312,3310.8525411909513,558659981669.6885,23835048691.414368,3599533.4124485995,902,F2,Tweedie GLM,chronic,0.05,2,0
3.3225219445047425,2802.000825621413,558659981669.6885,18561600486.14157,6624409.3564908495,863,F2,Tweedie GLM,chronic,0.1,1,0
9.7723921595374,3943.167165037684,558659981669.6885,54594444247.16171,6922664.188729616,1734,F2,Tweedie GLM,chronic,0.1,2,0
8.941913521367653,2976.030605512357,558659981669.6885,49954892439.39192,16785745.531938717,2204,F2,Tweedie GLM,chronic,0.25,1,0
20.952671624684047,3387.676873519266,558659981669.6885,117054191457.76991,17276469.366479002,4416,F2,Tweedie GLM,chronic,0.25,2,0
2.9105173630277648,4770.362380693538,558659981669.6885,16259895766.784012,3408524.231322667,413,F2,Tweedie GLM,targeted,0.05,1,0
9.005754076352522,6988.620233135097,558659981669.6885,50311544072.16822,3599533.4124485995,902,F2,Tweedie GLM,targeted,0.05,2,0
6.148067979848441,5184.884206409585,558659981669.6885,34346795449.261284,6624409.3564908495,863,F2,Tweedie GLM,targeted,0.1,1,0
20.026580967469695,8080.739619298419,558659981669.6885,111880493561.93152,6922664.188729616,1734,F2,Tweedie GLM,targeted,0.1,2,0
16.20845511112346,5394.467119762398,558659981669.6885,90550152352.742,16785745.531938717,2204,F2,Tweedie GLM,targeted,0.25,1,0
43.56664557120101,7043.956985633032,558659981669.6885,243389414162.16968,17276469.366479002,4416,F2,Tweedie GLM,targeted,0.25,2,0
4.026228466698334,6599.022241748412,558659981669.6885,22492927214.03669,3408524.231322667,413,F2,Tweedie GLM,own-targeted,0.05,1,0
12.969759041659419,10064.756342329403,558659981669.6885,72456853484.73727,3599533.4124485995,902,F2,Tweedie GLM,own-targeted,0.05,2,0
8.179290233662737,6897.886114981366,558659981669.6885,45694421320.090866,6624409.3564908495,863,F2,Tweedie GLM,own-targeted,0.1,1,0
29.058954670416753,11725.308812425914,558659981669.6885,162340750835.15332,6922664.188729616,1734,F2,Tweedie GLM,own-targeted,0.1,2,0
21.092462002278165,7019.952979234965,558659981669.6885,117835144355.6132,16785745.531938717,2204,F2,Tweedie GLM,own-targeted,0.25,1,0
64.32398027637598,10400.051329887354,558659981669.6885,359352336421.2161,17276469.366479002,4416,F2,Tweedie GLM,own-targeted,0.25,2,0
0.7918697746820296,1254.419018048652,539952117880.4565,4275717619.2508173,3408524.231322667,413,F2,Two-part,prevalence,0.05,1,0
1.440190674426745,1080.1872294323484,539952117880.4565,7776340048.084039,3599533.4124485995,902,F2,Two-part,prevalence,0.05,2,0
1.4138498369926102,1152.4215560457153,539952117880.4565,7634112138.49098,6624409.3564908495,863,F2,Two-part,prevalence,0.1,1,0
2.8214819871322843,1100.3460033449985,539952117880.4565,15234651745.136356,6922664.188729616,1734,F2,Two-part,prevalence,0.1,2,0
3.7467665240996424,1205.2336406755583,539952117880.4565,20230745198.911983,16785745.531938717,2204,F2,Two-part,prevalence,0.25,1,0
6.932238348944708,1083.2875336865384,539952117880.4565,37430767781.64814,17276469.366479002,4416,F2,Two-part,prevalence,0.25,2,0
1.001710435144424,1586.8324067900207,539952117880.4565,5408756709.591853,3408524.231322667,413,F2,Two-part,chronic,0.05,1,0
1.870279093494974,1402.7667503622204,539952117880.4565,10098611575.601515,3599533.4124485995,902,F2,Two-part,chronic,0.05,2,0
1.9069601723372536,1554.3531934032321,539952117880.4565,10296671837.671803,6624409.3564908495,863,F2,Two-part,chronic,0.1,1,0
3.6705301841159503,1431.4651791749352,539952117880.4565,19819105466.575493,6922664.188729616,1734,F2,Two-part,chronic,0.1,2,0
4.760642488303621,1531.3701671100794,539952117880.4565,25705189940.312263,16785745.531938717,2204,F2,Two-part,chronic,0.25,1,0
8.962134459098978,1400.495488768415,539952117880.4565,48391234819.19912,17276469.366479002,4416,F2,Two-part,chronic,0.25,2,0
1.1013081160909652,1744.6073707139199,539952117880.4565,5946536497.222523,3408524.231322667,413,F2,Two-part,targeted,0.05,1,0
2.3387938073487016,1754.1671723288396,539952117880.4565,12628366695.636276,3599533.4124485995,902,F2,Two-part,targeted,0.05,2,0
2.1303892021154436,1736.4690188790548,539952117880.4565,11503081615.918898,6624409.3564908495,863,F2,Two-part,targeted,0.1,1,0
4.589788415779859,1789.9654729448241,539952117880.4565,24782659757.2352,6922664.188729616,1734,F2,Two-part,targeted,0.1,2,0
5.349057682302569,1720.647449783193,539952117880.4565,28882350242.239983,16785745.531938717,2204,F2,Two-part,targeted,0.25,1,0
11.350026204234181,1773.6467321459231,539952117880.4565,61284706869.74925,17276469.366479002,4416,F2,Two-part,targeted,0.25,2,0
1.24496204703334,1972.17284770655,539952117880.4565,6722198939.764404,3408524.231322667,413,F2,Two-part,own-targeted,0.05,1,0
2.4309775535393903,1823.307812637492,539952117880.4565,13126114785.534447,3599533.4124485995,902,F2,Two-part,own-targeted,0.05,2,0
2.40101631274751,1957.0557514886173,539952117880.4565,12964338431.335424,6624409.3564908495,863,F2,Two-part,own-targeted,0.1,1,0
4.7111155077010505,1837.2816639755674,539952117880.4565,25437767959.626442,6922664.188729616,1734,F2,Two-part,own-targeted,0.1,2,0
6.120585971822922,1968.8272718462322,539952117880.4565,33048233581.551987,16785745.531938717,2204,F2,Two-part,own-targeted,0.25,1,0
11.616286890130246,1815.254776650905,539952117880.4565,62722387082.32808,17276469.366479002,4416,F2,Two-part,own-targeted,0.25,2,0
1.3507669555565613,2143.6775551452984,540935419007.5403,7306776890.855281,3408524.231322667,413,F2,LightGBM (Tweedie),prevalence,0.05,1,0
2.4638572755344574,1851.3339299847935,540935419007.5403,13327876677.160084,3599533.4124485995,902,F2,LightGBM (Tweedie),prevalence,0.05,2,0
2.5435247168006647,2076.9891086070343,540935419007.5403,13758826084.386028,6624409.3564908495,863,F2,LightGBM (Tweedie),prevalence,0.1,1,0
4.946016205919347,1932.4029563089673,540935419007.5403,26754753487.670662,6922664.188729616,1734,F2,LightGBM (Tweedie),prevalence,0.1,2,0
6.350487961344591,2046.500621456471,540935419007.5403,34352038662.722763,16785745.531938717,2204,F2,LightGBM (Tweedie),prevalence,0.25,1,0
12.556160381718101,1965.7002056186911,540935419007.5403,67920718772.105576,17276469.366479002,4416,F2,LightGBM (Tweedie),prevalence,0.25,2,0
1.9883667105476797,3155.553273838335,540935419007.5403,10755779797.107536,3408524.231322667,413,F2,LightGBM (Tweedie),chronic,0.05,1,0
3.976216420428907,2987.7154189079038,540935419007.5403,21508762954.49373,3599533.4124485995,902,F2,LightGBM (Tweedie),chronic,0.05,2,0
3.624788192674125,2959.9262580240743,540935419007.5403,19607763198.177628,6624409.3564908495,863,F2,LightGBM (Tweedie),chronic,0.1,1,0
7.702715709766595,3009.442345002139,540935419007.5403,41666717499.58556,6922664.188729616,1734,F2,LightGBM (Tweedie),chronic,0.1,2,0
9.369399654083649,3019.3714768804025,540935419007.5403,50682401277.30842,16785745.531938717,2204,F2,LightGBM (Tweedie),chronic,0.25,1,0
19.45352147743975,3045.500376364136,540935419007.5403,105230987915.71054,17276469.366479002,4416,F2,LightGBM (Tweedie),chronic,0.25,2,0
3.53459377508821,5609.427526372151,540935419007.5403,19119869647.487846,3408524.231322667,413,F2,LightGBM (Tweedie),targeted,0.05,1,0
8.326533282261053,6256.52862999286,540935419007.5403,45041167699.201126,3599533.4124485995,902,F2,LightGBM (Tweedie),targeted,0.05,2,0
6.938072574070208,5665.4850160822425,540935419007.5403,37530491949.59392,6624409.3564908495,863,F2,LightGBM (Tweedie),targeted,0.1,1,0
16.765766941216146,6550.366244902181,540935419007.5403,90691971653.29523,6922664.188729616,1734,F2,LightGBM (Tweedie),targeted,0.1,2,0
17.8011045632097,5736.562571721961,540935419007.5403,96292479556.96877,16785745.531938717,2204,F2,LightGBM (Tweedie),targeted,0.25,1,0
42.525619716894475,6657.498540977021,540935419007.5403,230036139201.1363,17276469.366479002,4416,F2,LightGBM (Tweedie),targeted,0.25,2,0
3.7831951575068232,6003.959833722896,540935419007.5403,20464642577.132507,3408524.231322667,413,F2,LightGBM (Tweedie),own-targeted,0.05,1,0
9.411298411813442,7071.617438239295,540935419007.5403,50909046497.99303,3599533.4124485995,902,F2,LightGBM (Tweedie),own-targeted,0.05,2,0
7.242736862056062,5914.26750431537,540935419007.5403,39178528992.37653,6624409.3564908495,863,F2,LightGBM (Tweedie),own-targeted,0.1,1,0
18.610835015332732,7271.232261626335,540935419007.5403,100672598370.99216,6922664.188729616,1734,F2,LightGBM (Tweedie),own-targeted,0.1,2,0
18.897324527365168,6089.829100460038,540935419007.5403,102222321613.31746,16785745.531938717,2204,F2,LightGBM (Tweedie),own-targeted,0.25,1,0
46.36806597407677,7259.043692376917,540935419007.5403,250821291962.56488,17276469.366479002,4416,F2,LightGBM (Tweedie),own-targeted,0.25,2,0
1.3081244975391348,2082.5939419070587,542652624299.1358,7098571914.996,3408524.231322667,413,F2,LightGBM (squared error),prevalence,0.05,1,0
2.656757440078663,2002.6156612395769,542652624299.1358,14416963969.849407,3599533.4124485995,902,F2,LightGBM (squared error),prevalence,0.05,2,0
2.5740104558296033,2108.5555762955946,542652624299.1358,13967935288.293491,6624409.3564908495,863,F2,LightGBM (squared error),prevalence,0.1,1,0
5.276949714284119,2068.243188375966,542652624299.1358,28635506107.50852,6922664.188729616,1734,F2,LightGBM (squared error),prevalence,0.1,2,0
6.809976727862213,2201.5416209896844,542652624299.1358,36954517427.90472,16785745.531938717,2204,F2,LightGBM (squared error),prevalence,0.25,1,0
13.41855807774697,2107.3795810757642,542652624299.1358,72816157551.9976,17276469.366479002,4416,F2,LightGBM (squared error),prevalence,0.25,2,0
2.0456472888003465,3256.763908136158,542652624299.1358,11100758696.579203,3408524.231322667,413,F2,LightGBM (squared error),chronic,0.05,1,0
4.26938663270521,3218.1863521154573,542652624299.1358,23167938603.851326,3599533.4124485995,902,F2,LightGBM (squared error),chronic,0.05,2,0
3.9412450107815604,3228.554929219287,542652624299.1358,21387269481.064896,6624409.3564908495,863,F2,LightGBM (squared error),chronic,0.1,1,0
8.312621817742842,3258.041933875894,542652624299.1358,45108660442.04407,6922664.188729616,1734,F2,LightGBM (squared error),chronic,0.1,2,0
10.444948061791163,3376.6617429142616,542652624299.1358,56679784763.99146,16785745.531938717,2204,F2,LightGBM (squared error),chronic,0.25,1,0
20.662431233668407,3245.0271798895155,542652624299.1358,112125225333.50592,17276469.366479002,4416,F2,LightGBM (squared error),chronic,0.25,2,0
4.801272194511381,7643.844606951923,542652624299.1358,26054229563.26072,3408524.231322667,413,F2,LightGBM (squared error),targeted,0.05,1,0
10.12015300394912,7628.388122345555,542652624299.1358,54917275859.01772,3599533.4124485995,902,F2,LightGBM (squared error),targeted,0.05,2,0
9.343080330121138,7653.583568488332,542652624299.1358,50700470601.778725,6624409.3564908495,863,F2,LightGBM (squared error),targeted,0.1,1,0
19.54763473212049,7661.483351666611,542652624299.1358,106075752862.26117,6922664.188729616,1734,F2,LightGBM (squared error),targeted,0.1,2,0
24.59409230910532,7950.822743259921,542652624299.1358,133460487337.91196,16785745.531938717,2204,F2,LightGBM (squared error),targeted,0.25,1,0
49.925276253544965,7840.746162642302,542652624299.1358,270920821778.45505,17276469.366479002,4416,F2,LightGBM (squared error),targeted,0.25,2,0
4.846530676196945,7715.898176742552,542652624299.1358,26299825901.845375,3408524.231322667,413,F2,LightGBM (squared error),own-targeted,0.05,1,0
10.515788177283078,7926.6107535513465,542652624299.1358,57064200509.764885,3599533.4124485995,902,F2,LightGBM (squared error),own-targeted,0.05,2,0
9.791528675626289,8020.939597463999,542652624299.1358,53133987317.288475,6624409.3564908495,863,F2,LightGBM (squared error),own-targeted,0.1,1,0
19.982457027226367,7831.9072326394335,542652624299.1358,108435327457.69095,6922664.188729616,1734,F2,LightGBM (squared error),own-targeted,0.1,2,0
24.835172007645056,8028.759425207656,542652624299.1358,134768712648.69028,16785745.531938717,2204,F2,LightGBM (squared error),own-targeted,0.25,1,0
50.125402052678595,7872.175845347188,542652624299.1358,272006809679.35327,17276469.366479002,4416,F2,LightGBM (squared error),own-targeted,0.25,2,0
1.19932320685358,1872.7473413689042,532242239266.5602,6383304692.201014,3408524.231322667,413,F2,CANN,prevalence,0.05,1,0
2.5076203740158287,1853.936788697183,532242239266.5602,13346614830.96634,3599533.4124485995,902,F2,CANN,prevalence,0.05,2,0
2.679246052450496,2152.656700034829,532242239266.5602,14260079185.023438,6624409.3564908495,863,F2,CANN,prevalence,0.1,1,0
5.4869825518023765,2109.306331038258,532242239266.5602,29204038801.878414,6922664.188729616,1734,F2,CANN,prevalence,0.1,2,0
6.587408830659561,2088.7348853963063,532242239266.5602,35060972269.94557,16785745.531938717,2204,F2,CANN,prevalence,0.25,1,0
13.670932413163621,2105.826001278329,532242239266.5602,72762476804.44005,17276469.366479002,4416,F2,CANN,prevalence,0.25,2,0
2.7165945727019634,4241.97183422459,532242239266.5602,14458863785.54277,3408524.231322667,413,F2,CANN,chronic,0.05,1,0
6.059349675451434,4479.805394510182,532242239266.5602,32250418397.61376,3599533.4124485995,902,F2,CANN,chronic,0.05,2,0
5.183591247632761,4164.788231843345,532242239266.5602,27589262130.826035,6624409.3564908495,863,F2,CANN,chronic,0.1,1,0
13.304674180255127,5114.584057059738,532242239266.5602,70813095784.10974,6922664.188729616,1734,F2,CANN,chronic,0.1,2,0
14.071805235156857,4461.886494485511,532242239266.5602,74896091288.8279,16785745.531938717,2204,F2,CANN,chronic,0.25,1,0
30.75899091995982,4738.015001081126,532242239266.5602,163712342048.19208,17276469.366479002,4416,F2,CANN,chronic,0.25,2,0
6.042030121132023,9434.650960774961,532242239266.5602,32158236413.87314,3408524.231322667,413,F2,CANN,targeted,0.05,1,0
9.66546339588905,7145.88155173906,532242239266.5602,51443678813.76959,3599533.4124485995,902,F2,CANN,targeted,0.05,2,0
10.934331368264276,8785.255709816895,532242239266.5602,58197130123.275696,6624409.3564908495,863,F2,CANN,targeted,0.1,1,0
19.509016112440126,7499.657746274432,532242239266.5602,103835224215.72534,6922664.188729616,1734,F2,CANN,targeted,0.1,2,0
27.684544407304124,8778.212370955815,532242239266.5602,147348839084.18073,16785745.531938717,2204,F2,CANN,targeted,0.25,1,0
51.5804693569591,7945.287874105487,532242239266.5602,274533045129.68103,17276469.366479002,4416,F2,CANN,targeted,0.25,2,0
7.261213663324192,11338.410284561527,532242239266.5602,38647246199.6061,3408524.231322667,413,F2,CANN,own-targeted,0.05,1,0
16.25269888426079,12015.96409463474,532242239266.5602,86503728482.84088,3599533.4124485995,902,F2,CANN,own-targeted,0.05,2,0
14.296710290797332,11486.779710953933,532242239266.5602,76093130993.19247,6624409.3564908495,863,F2,CANN,own-targeted,0.1,1,0
34.49414060004035,13260.240663147179,532242239266.5602,183592386345.41046,6922664.188729616,1734,F2,CANN,own-targeted,0.1,2,0
36.47657664031918,11565.989008281756,532242239266.5602,194143748318.2178,16785745.531938717,2204,F2,CANN,own-targeted,0.25,1,0
83.74289244393667,12899.483005335644,532242239266.5602,445715045970.19556,17276469.366479002,4416,F2,CANN,own-targeted,0.25,2,0
1.3016569426135787,1890.2577364609385,494983669447.9159,6442989298.172245,3408524.231322667,413,F2,Constrained WLS,prevalence,0.05,1,0
2.994689290529266,2059.0478320830407,494983669447.9159,14823222938.82552,3599533.4124485995,902,F2,Constrained WLS,prevalence,0.05,2,0
2.7128401294093387,2027.0660969416924,494983669447.9159,13428115618.805935,6624409.3564908495,863,F2,Constrained WLS,prevalence,0.1,1,0
5.735363496694976,2050.447047419673,494983669447.9159,28389112692.11709,6922664.188729616,1734,F2,Constrained WLS,prevalence,0.1,2,0
8.135158400151902,2398.9226744712496,494983669447.9159,40267705564.47225,16785745.531938717,2204,F2,Constrained WLS,prevalence,0.25,1,0
14.109728437387906,2021.270957827436,494983669447.9159,69840851568.51874,17276469.366479002,4416,F2,Constrained WLS,prevalence,0.25,2,0
1.9092439837926598,2772.5916814219813,494983669447.9159,9450445929.69048,3408524.231322667,413,F2,Constrained WLS,chronic,0.05,1,0
4.630940950474805,3184.0795486647967,494983669447.9159,22922401446.62639,3599533.4124485995,902,F2,Constrained WLS,chronic,0.05,2,0
3.677479130139325,2747.8557199532083,494983669447.9159,18202921141.54493,6624409.3564908495,863,F2,Constrained WLS,chronic,0.1,1,0
9.748764071181363,3485.2759580563174,494983669447.9159,48254790125.353546,6922664.188729616,1734,F2,Constrained WLS,chronic,0.1,2,0
9.203060385398546,2713.8291778864996,494983669447.9159,45553645997.15323,16785745.531938717,2204,F2,Constrained WLS,chronic,0.25,1,0
21.609253309302822,3095.6057253867475,494983669447.9159,106962274970.68231,17276469.366479002,4416,F2,Constrained WLS,chronic,0.25,2,0
11.723898370694876,17025.368874989934,494983669447.9159,58031382357.609924,3408524.231322667,413,F2,Constrained WLS,targeted,0.05,1,0
25.717308174105977,17682.35783604305,494983669447.9159,127296475683.41858,3599533.4124485995,902,F2,Constrained WLS,targeted,0.05,2,0
23.29930573842946,17409.515670550227,494983669447.9159,115327758499.96696,6624409.3564908495,863,F2,Constrained WLS,targeted,0.1,1,0
49.461073303237576,17682.80454678654,494983669447.9159,244824235584.68887,6922664.188729616,1734,F2,Constrained WLS,targeted,0.1,2,0
58.93565961920055,17379.144110184738,494983669447.9159,291721890596.4525,16785745.531938717,2204,F2,Constrained WLS,targeted,0.25,1,0
121.50500469362218,17406.042809947307,494983669447.9159,601429930795.3535,17276469.366479002,4416,F2,Constrained WLS,targeted,0.25,2,0
12.471674594515322,18111.284638155623,494983669447.9159,61732752549.53543,3408524.231322667,413,F2,Constrained WLS,own-targeted,0.05,1,0
27.055270864723276,18602.296070114957,494983669447.9159,133919172505.28015,3599533.4124485995,902,F2,Constrained WLS,own-targeted,0.05,2,0
24.956019191432393,18647.43147565911,494983669447.9159,123528219541.87817,6624409.3564908495,863,F2,Constrained WLS,own-targeted,0.1,1,0
51.5748591430105,18438.503106526914,494983669447.9159,255287130298.6673,6922664.188729616,1734,F2,Constrained WLS,own-targeted,0.1,2,0
63.04770224818876,18591.716971813097,494983669447.9159,312075830090.6809,16785745.531938717,2204,F2,Constrained WLS,own-targeted,0.25,1,0
129.5587830121723,18559.77644049189,494983669447.9159,641294818245.7136,17276469.366479002,4416,F2,Constrained WLS,own-targeted,0.25,2,0
1.2350624615801586,1868.8140533352282,488907127535.3313,6038308404.178709,3231091.07265235,438,F2,WLS,prevalence,0.05,1,1
2.3827007722729547,1892.8059417056077,488907127535.3313,11649193903.481857,3077228.797418283,854,F2,WLS,prevalence,0.05,2,1
2.5503905512197993,2152.25652578568,488907127535.3313,12469041184.901222,5793473.517451366,816,F2,WLS,prevalence,0.1,1,1
4.771351913304715,1816.914030795862,488907127535.3313,23327479583.94015,6419533.11729395,1770,F2,WLS,prevalence,0.1,2,1
6.316087501705502,2001.0995140877546,488907127535.3313,30879801977.206436,15431417.458158584,2117,F2,WLS,prevalence,0.25,1,1
12.027151197127559,1903.1954111237867,488907127535.3313,58801599442.20756,15448124.532700183,4258,F2,WLS,prevalence,0.25,2,1
2.085865368568485,3156.192205177029,488907127535.3313,10197944457.722431,3231091.07265235,438,F2,WLS,chronic,0.05,1,1
4.252382618955661,3378.0721361359715,488907127535.3313,20790201714.14781,3077228.797418283,854,F2,WLS,chronic,0.05,2,1
3.7676906532503938,3179.5274616750303,488907127535.3313,18420508147.22366,5793473.517451366,816,F2,WLS,chronic,0.1,1,1
8.482894373877894,3230.256348663025,488907127535.3313,41473475215.18264,6419533.11729395,1770,F2,WLS,chronic,0.1,2,1
10.077868691706398,3192.928871958839,488907127535.3313,49271418337.40422,15431417.458158584,2117,F2,WLS,chronic,0.25,1,1
20.636341320760064,3265.527260805931,488907127535.3313,100892543579.71466,15448124.532700183,4258,F2,WLS,chronic,0.25,2,1
6.66512206407416,10085.2176857519,488907127535.3313,32586256830.18856,3231091.07265235,438,F2,WLS,targeted,0.05,1,1
12.707447387548221,10094.734596538452,488907127535.3313,62127616005.52551,3077228.797418283,854,F2,WLS,targeted,0.05,2,1
11.801620552856328,9959.304012314145,488907127535.3313,57698964047.58916,5793473.517451366,816,F2,WLS,targeted,0.1,1,1
26.469262753571293,10079.402181105615,488907127535.3313,129410112208.26474,6419533.11729395,1770,F2,WLS,targeted,0.1,2,1
31.98235646613704,10132.835868167851,488907127535.3313,156364020316.7009,15431417.458158584,2117,F2,WLS,targeted,0.25,1,1
63.33028821207458,10021.48488323264,488907127535.3313,309626292957.50037,15448124.532700183,4258,F2,WLS,targeted,0.25,2,1
6.741502599564431,10200.79161222592,488907127535.3313,32959686712.250145,3231091.07265235,438,F2,WLS,own-targeted,0.05,1,1
12.804106726160253,10171.52030650893,488907127535.3313,62600190401.42824,3077228.797418283,854,F2,WLS,own-targeted,0.05,2,1
12.182399533313292,10280.640697465586,488907127535.3313,59560619623.19962,5793473.517451366,816,F2,WLS,own-targeted,0.1,1,1
26.617678334188803,10135.918312322165,488907127535.3313,130135726560.2767,6419533.11729395,1770,F2,WLS,own-targeted,0.1,2,1
32.06179196998962,10158.003085708422,488907127535.3313,156752386156.82974,15431417.458158584,2117,F2,WLS,own-targeted,0.25,1,1
64.26440121781405,10169.300401376206,488907127535.3313,314193238021.79517,15448124.532700183,4258,F2,WLS,own-targeted,0.25,2,1
1.5968561716908534,2389.593984426755,483512286655.6957,7720995790.345047,3231091.07265235,438,F2,Payment-form WLS (non-negative),prevalence,0.05,1,1
2.954561390778739,2321.190311423369,483512286655.6957,14285667341.200605,3077228.797418283,854,F2,Payment-form WLS (non-negative),prevalence,0.05,2,1
3.1076346019614527,2593.5727641778385,483512286655.6957,15025795124.847446,5793473.517451366,816,F2,Payment-form WLS (non-negative),prevalence,0.1,1,1
6.151269854530486,2316.534940202953,483512286655.6957,29742145532.00284,6419533.11729395,1770,F2,Payment-form WLS (non-negative),prevalence,0.1,2,1
8.010727368548602,2509.999563063142,483512286655.6957,38732851077.42299,15431417.458158584,2117,F2,Payment-form WLS (non-negative),prevalence,0.25,1,1
15.280477062271848,2391.3253644251813,483512286655.6957,73882984055.68968,15448124.532700183,4258,F2,Payment-form WLS (non-negative),prevalence,0.25,2,1
3.1357503791073076,4692.4515654058505,483512286655.6957,15161738361.83639,3231091.07265235,438,F2,Payment-form WLS (non-negative),chronic,0.05,1,1
5.868843761232587,4610.736240021062,483512286655.6957,28376580670.18582,3077228.797418283,854,F2,Payment-form WLS (non-negative),chronic,0.05,2,1
5.5020666355960435,4591.920222463303,483512286655.6957,26603168203.090534,5793473.517451366,816,F2,Payment-form WLS (non-negative),chronic,0.1,1,1
12.115000984669692,4562.443811648165,483512286655.6957,58577518289.33647,6419533.11729395,1770,F2,Payment-form WLS (non-negative),chronic,0.1,2,1
14.725033341544737,4613.791676206293,483512286655.6957,71197345420.51656,15431417.458158584,2117,F2,Payment-form WLS (non-negative),chronic,0.25,1,1
28.98384480755857,4535.84027281496,483512286655.6957,140140450789.76456,15448124.532700183,4258,F2,Payment-form WLS (non-negative),chronic,0.25,2,1
6.9363896181235525,10379.867140794153,483512286655.6957,33538296053.937466,3231091.07265235,438,F2,Payment-form WLS (non-negative),targeted,0.05,1,1
13.21769050903493,10384.206347757734,483512286655.6957,63909157623.307655,3077228.797418283,854,F2,Payment-form WLS (non-negative),targeted,0.05,2,1
12.271196164316985,10241.307049280585,483512286655.6957,59332741174.09507,5793473.517451366,816,F2,Payment-form WLS (non-negative),targeted,0.1,1,1
27.546435577400423,10373.83857352629,483512286655.6957,133190400552.42688,6419533.11729395,1770,F2,Payment-form WLS (non-negative),targeted,0.1,2,1
33.23015341816633,10411.997153665538,483512286655.6957,160671874651.37186,15431417.458158584,2117,F2,Payment-form WLS (non-negative),targeted,0.25,1,1
65.9862975324276,10326.556320901964,483512286655.6957,319051856078.47156,15448124.532700183,4258,F2,Payment-form WLS (non-negative),targeted,0.25,2,1
6.998431879475617,10472.709450036158,483512286655.6957,33838278010.493736,3231091.07265235,438,F2,Payment-form WLS (non-negative),own-targeted,0.05,1,1
13.262798703016635,10419.64467141651,483512286655.6957,64127261283.49769,3077228.797418283,854,F2,Payment-form WLS (non-negative),own-targeted,0.05,2,1
12.622783516957028,10534.735170289745,483512286655.6957,61032709222.437164,5793473.517451366,816,F2,Payment-form WLS (non-negative),own-targeted,0.1,1,1
27.589949811248196,10390.22579852021,483512286655.6957,133400797219.52493,6419533.11729395,1770,F2,Payment-form WLS (non-negative),own-targeted,0.1,2,1
33.22977554002055,10411.878753183635,483512286655.6957,160670047564.1084,15431417.458158584,2117,F2,Payment-form WLS (non-negative),own-targeted,0.25,1,1
66.51172127054058,10408.782753159297,483512286655.6957,321592344409.2534,15448124.532700183,4258,F2,Payment-form WLS (non-negative),own-targeted,0.25,2,1
1.1599807326403622,1743.7208102742836,485708131586.8849,5634120743.275361,3231091.07265235,438,F2,Tweedie GLM,prevalence,0.05,1,1
2.054110623355693,1621.0985575396744,485708131586.8849,9976982329.42865,3077228.797418283,854,F2,Tweedie GLM,prevalence,0.05,2,1
2.5169830968410114,2110.1661266248834,485708131586.8849,12225191572.024189,5793473.517451366,816,F2,Tweedie GLM,prevalence,0.1,1,1
4.7512179770403895,1797.4089113844175,485708131586.8849,23077052063.903065,6419533.11729395,1770,F2,Tweedie GLM,prevalence,0.1,2,1
5.443614942799778,1713.3928559154115,485708131586.8849,26440080429.457275,15431417.458158584,2117,F2,Tweedie GLM,prevalence,0.25,1,1
11.886256978579103,1868.593063321881,485708131586.8849,57732516686.27228,15448124.532700183,4258,F2,Tweedie GLM,prevalence,0.25,2,1
1.866439443485055,2805.692549145708,485708131586.8849,9065448148.151913,3231091.07265235,438,F2,Tweedie GLM,chronic,0.05,1,1
4.083185840018956,3222.4392397171077,485708131586.8849,19832365652.77632,3077228.797418283,854,F2,Tweedie GLM,chronic,0.05,2,1
3.5701976957971926,2993.1509085145526,485708131586.8849,17340740522.21456,5793473.517451366,816,F2,Tweedie GLM,chronic,0.1,1,1
8.496734684768633,3214.356132232318,485708131586.8849,41269331283.284515,6419533.11729395,1770,F2,Tweedie GLM,chronic,0.1,2,1
8.99876675430922,2832.386719284093,485708131586.8849,43707741868.21707,15431417.458158584,2117,F2,Tweedie GLM,chronic,0.25,1,1
20.652533887211547,3246.705975750898,485708131586.8849,100311036468.92346,15448124.532700183,4258,F2,Tweedie GLM,chronic,0.25,2,1
3.3568431984920077,5046.116006353509,485708131586.8849,16304460379.696957,3231091.07265235,438,F2,Tweedie GLM,targeted,0.05,1,1
8.444838755490531,6664.643943477758,485708131586.8849,41017268534.8182,3077228.797418283,854,F2,Tweedie GLM,targeted,0.05,2,1
6.315684427221171,5294.887900320382,485708131586.8849,30675792828.379807,5793473.517451366,816,F2,Tweedie GLM,targeted,0.1,1,1
16.803971413941344,6357.024264519536,485708131586.8849,81618255587.04875,6419533.11729395,1770,F2,Tweedie GLM,targeted,0.1,2,1
15.917007265888328,5009.922050603397,485708131586.8849,77310198595.69492,15431417.458158584,2117,F2,Tweedie GLM,targeted,0.25,1,1
40.558865624632695,6376.10436144657,485708131586.8849,196997708418.2388,15448124.532700183,4258,F2,Tweedie GLM,targeted,0.25,2,1
4.2673712805631645,6414.8514692543895,485708131586.8849,20726969314.69867,3231091.07265235,438,F2,Tweedie GLM,own-targeted,0.05,1,1
12.099307970324478,9548.741180199268,485708131586.8849,58767322677.606064,3077228.797418283,854,F2,Tweedie GLM,own-targeted,0.05,2,1
9.1074742343211,7635.44405701157,485708131586.8849,44235742938.27796,5793473.517451366,816,F2,Tweedie GLM,own-targeted,0.1,1,1
24.35490600183801,9213.579611622466,485708131586.8849,118293758891.2695,6419533.11729395,1770,F2,Tweedie GLM,own-targeted,0.1,2,1
21.01431144068745,6614.312634673013,485708131586.8849,102068219464.41202,15431417.458158584,2117,F2,Tweedie GLM,own-targeted,0.25,1,1
62.202589686422904,9778.631558965457,485708131586.8849,302123036164.58105,15448124.532700183,4258,F2,Tweedie GLM,own-targeted,0.25,2,1
0.7746384290404219,1164.0983381575177,485556565115.09326,3761307748.110192,3231091.07265235,438,F2,Two-part,prevalence,0.05,1,1
1.387386646528377,1094.580122121641,485556565115.09326,6736546945.748669,3077228.797418283,854,F2,Two-part,prevalence,0.05,2,1
1.4728017745876245,1234.3692753751918,485556565115.09326,7151285707.641808,5793473.517451366,816,F2,Two-part,prevalence,0.1,1,1
2.8376304962482273,1073.1544581585777,485556565115.09326,13778301168.241266,6419533.11729395,1770,F2,Two-part,prevalence,0.1,2,1
3.848351023178396,1210.9011432282475,485556565115.09326,18685921041.716568,15431417.458158584,2117,F2,Two-part,prevalence,0.25,1,1
6.882732764992487,1081.6704878643022,485556565115.09326,33419560799.748604,15448124.532700183,4258,F2,Two-part,prevalence,0.25,2,1
1.0001199426189233,1502.9437212443388,485556565115.09326,4856148040.411486,3231091.07265235,438,F2,Two-part,chronic,0.05,1,1
1.7629907101234172,1390.913334516326,485556565115.09326,8560317135.373456,3077228.797418283,854,F2,Two-part,chronic,0.05,2,1
1.7922327382907992,1502.087425911157,485556565115.09326,8702303722.912983,5793473.517451366,816,F2,Two-part,chronic,0.1,1,1
3.6636653659397234,1385.5499600309693,485556565115.09326,17789167708.168232,6419533.11729395,1770,F2,Two-part,chronic,0.1,2,1
4.786094963297782,1505.9665367712958,485556565115.09326,23239198306.935196,15431417.458158584,2117,F2,Two-part,chronic,0.25,1,1
8.77620370439599,1379.242935424483,485556565115.09326,42613433254.56874,15448124.532700183,4258,F2,Two-part,chronic,0.25,2,1
1.1174075342718681,1679.1992301516643,485556565115.09326,5425645641.747742,3231091.07265235,438,F2,Two-part,targeted,0.05,1,1
2.1595486668951622,1703.7781424901334,485556565115.09326,10485830328.964937,3077228.797418283,854,F2,Two-part,targeted,0.05,2,1
2.0053647922307714,1680.7154419282972,485556565115.09326,9737180403.18316,5793473.517451366,816,F2,Two-part,targeted,0.1,1,1
4.556121348493687,1723.0650514617812,485556565115.09326,22122546322.221416,6419533.11729395,1770,F2,Two-part,targeted,0.1,2,1
5.322522793594991,1674.7559920611247,485556565115.09326,25843858854.047745,15431417.458158584,2117,F2,Two-part,targeted,0.25,1,1
10.860553810458626,1706.8134038832043,485556565115.09326,52734132034.539276,15448124.532700183,4258,F2,Two-part,targeted,0.25,2,1
1.3340886703836607,2004.8197274077568,485556565115.09326,6477755123.504521,3231091.07265235,438,F2,Two-part,own-targeted,0.05,1,1
2.2692551570541344,1792.4300550000883,485556565115.09326,11018517394.28917,3077228.797418283,853,F2,Two-part,own-targeted,0.05,2,1
2.3992555855140254,2010.83908889236,485556565115.09326,11649743009.353922,5793473.517451366,816,F2,Two-part,own-targeted,0.1,1,1
4.696930326587793,1776.3171513353316,485556565115.09326,22806253559.628822,6419533.11729395,1770,F2,Two-part,own-targeted,0.1,2,1
6.435846860044902,2025.0684705039791,485556565115.09326,31249676949.701607,15431417.458158584,2117,F2,Two-part,own-targeted,0.25,1,1
11.348202923048385,1783.4509360280592,485556565115.09326,55101944315.44434,15448124.532700183,4258,F2,Two-part,own-targeted,0.25,2,1
1.3246280243887956,1983.693176805162,483871184698.3595,6409493314.456539,3231091.07265235,438,F2,LightGBM (Tweedie),prevalence,0.05,1,1
2.4140499008905953,1897.9563470303,483871184698.3595,11680891854.648895,3077228.797418283,854,F2,LightGBM (Tweedie),prevalence,0.05,2,1
2.5391503552702117,2120.6995886508275,483871184698.3595,12286216905.318577,5793473.517451366,816,F2,LightGBM (Tweedie),prevalence,0.1,1,1
5.151118468081581,1941.3232630248483,483871184698.3595,24924777956.722336,6419533.11729395,1770,F2,LightGBM (Tweedie),prevalence,0.1,2,1
6.4124566727463685,2010.7051186203475,483871184698.3595,31028030070.68686,15431417.458158584,2117,F2,LightGBM (Tweedie),prevalence,0.25,1,1
12.585596277255364,1971.0507149007217,483871184698.3595,60898073808.10816,15448124.532700183,4258,F2,LightGBM (Tweedie),prevalence,0.25,2,1
1.8025268897516624,2699.369352281422,483871184698.3595,8721908215.94786,3231091.07265235,438,F2,LightGBM (Tweedie),chronic,0.05,1,1
3.4653620168973234,2724.511134712485,483871184698.3595,16767888245.248045,3077228.797418283,854,F2,LightGBM (Tweedie),chronic,0.05,2,1
3.26524555392321,2727.1346451289573,483871184698.3595,15799582345.078747,5793473.517451366,816,F2,LightGBM (Tweedie),chronic,0.1,1,1
7.273292756023956,2741.115839899917,483871184698.3595,35193367825.153076,6419533.11729395,1770,F2,LightGBM (Tweedie),chronic,0.1,2,1
8.342220527364214,2615.806448458543,483871184698.3595,40365601295.90695,15431417.458158584,2117,F2,LightGBM (Tweedie),chronic,0.25,1,1
17.42557269626572,2729.0472985058514,483871184698.3595,84317325045.8948,15448124.532700183,4258,F2,LightGBM (Tweedie),chronic,0.25,2,1
2.9717193151644063,4450.2903610179765,483871184698.3595,14379293456.195988,3231091.07265235,438,F2,LightGBM (Tweedie),targeted,0.05,1,1
6.26922009827209,4928.939568339389,483871184698.3595,30334949560.856815,3077228.797418283,854,F2,LightGBM (Tweedie),targeted,0.05,2,1
5.393416345449927,4504.583905981856,483871184698.3595,26097187566.443523,5793473.517451366,816,F2,LightGBM (Tweedie),targeted,0.1,1,1
13.435758517054392,5063.5897285538485,483871184698.3595,65011763909.68182,6419533.11729395,1770,F2,LightGBM (Tweedie),targeted,0.1,2,1
14.024139201514151,4397.442340090195,483871184698.3595,67858768498.11357,15431417.458158584,2117,F2,LightGBM (Tweedie),targeted,0.25,1,1
31.32597693590888,4906.012228127179,483871184698.3595,151577375718.11716,15448124.532700183,4258,F2,LightGBM (Tweedie),targeted,0.25,2,1
3.3022614665158705,4945.292881129196,483871184698.3595,15978691679.867764,3231091.07265235,438,F2,LightGBM (Tweedie),own-targeted,0.05,1,1
7.396246422972431,5815.02181769393,483871184698.3595,35788305190.04674,3077228.797418283,854,F2,LightGBM (Tweedie),own-targeted,0.05,2,1
5.987549121107056,5000.803883788552,483871184698.3595,28972024866.696922,5793473.517451366,816,F2,LightGBM (Tweedie),own-targeted,0.1,1,1
15.652286060009448,5898.941605808675,483871184698.3595,75736901990.9439,6419533.11729395,1770,F2,LightGBM (Tweedie),own-targeted,0.1,2,1
15.755918247985273,4940.463084052215,483871184698.3595,76238348286.63135,15431417.458158584,2117,F2,LightGBM (Tweedie),own-targeted,0.25,1,1
36.89265718758352,5777.81908161063,483871184698.3595,178512937400.26483,15448124.532700183,4258,F2,LightGBM (Tweedie),own-targeted,0.25,2,1
1.3795373119410492,2067.9321418982495,484341889465.60443,6681677082.538287,3231091.07265235,438,F2,LightGBM (squared error),prevalence,0.05,1,1
2.59085672113995,2038.945626507168,484341889465.60443,12548604396.51584,3077228.797418283,854,F2,LightGBM (squared error),prevalence,0.05,2,1
2.685958126718358,2245.4957810742853,484341889465.60443,13009220341.202648,5793473.517451366,816,F2,LightGBM (squared error),prevalence,0.1,1,1
5.555666358180173,2095.82370866852,484341889465.60443,26908419411.614784,6419533.11729395,1770,F2,LightGBM (squared error),prevalence,0.1,2,1
6.885481436049455,2161.128164446981,484341889465.60443,33349270886.165363,15431417.458158584,2117,F2,LightGBM (squared error),prevalence,0.25,1,1
13.488281999888583,2114.4767365262314,484341889465.60443,65329399894.70939,15448124.532700183,4258,F2,LightGBM (squared error),prevalence,0.25,2,1
2.1637464252599954,3243.46484939712,484341889465.60443,10479930319.348734,3231091.07265235,438,F2,LightGBM (squared error),chronic,0.05,1,1
4.092393197761956,3220.620864303557,484341889465.60443,19821174538.402126,3077228.797418283,854,F2,LightGBM (squared error),chronic,0.05,2,1
3.9147449371361835,3272.7774691935742,484341889465.60443,18960749596.28448,5793473.517451366,816,F2,LightGBM (squared error),chronic,0.1,1,1
8.638466018805957,3258.7813452986593,484341889465.60443,41839709536.32895,6419533.11729395,1770,F2,LightGBM (squared error),chronic,0.1,2,1
10.21601048329025,3206.4726611755254,484341889465.60443,49480418202.77222,15431417.458158584,2117,F2,LightGBM (squared error),chronic,0.25,1,1
20.810056919031805,3262.26729552681,484341889465.60443,100791822880.50638,15448124.532700183,4258,F2,LightGBM (squared error),chronic,0.25,2,1
4.5421930636828325,6808.766207186423,484341889465.60443,21999743707.817055,3231091.07265235,438,F2,LightGBM (squared error),targeted,0.05,1,1
8.407882002891828,6616.8129245069895,484341889465.60443,40722894556.84479,3077228.797418283,854,F2,LightGBM (squared error),targeted,0.05,2,1
8.241469841572297,6889.975526800928,484341889465.60443,39916890750.40922,5793473.517451366,816,F2,LightGBM (squared error),targeted,0.1,1,1
17.97645450546808,6781.4510666011465,484341889465.60443,87067499410.70888,6419533.11729395,1770,F2,LightGBM (squared error),targeted,0.1,2,1
21.59517846561205,6778.0225437758245,484341889465.60443,104594495413.81473,15431417.458158584,2117,F2,LightGBM (squared error),targeted,0.25,1,1
42.45991374218974,6656.184964364791,484341889465.60443,205651148484.38763,15448124.532700183,4258,F2,LightGBM (squared error),targeted,0.25,2,1
5.166518326920535,7744.632361492732,484341889465.60443,25023612484.193653,3231091.07265235,438,F2,LightGBM (squared error),own-targeted,0.05,1,1
9.342802053443165,7352.573853566308,484341889465.60443,45251103994.67792,3077228.797418283,854,F2,LightGBM (squared error),own-targeted,0.05,2,1
9.556678453990516,7989.506960682938,484341889465.60443,46286996994.20998,5793473.517451366,816,F2,LightGBM (squared error),own-targeted,0.1,1,1
19.365427526917944,7305.428282182019,484341889465.60443,93794877586.96664,6419533.11729395,1770,F2,LightGBM (squared error),own-targeted,0.1,2,1
24.682480270085264,7747.025937912218,484341889465.60443,119547591307.10599,15431417.458158584,2117,F2,LightGBM (squared error),own-targeted,0.25,1,1
47.11349419150614,7385.698745416675,484341889465.60443,228190387960.40863,15448124.532700183,4258,F2,LightGBM (squared error),own-targeted,0.25,2,1
1.2740334506838962,1913.7958197386308,485359986797.64,6183648588.036877,3231091.07265235,438,F2,CANN,prevalence,0.05,1,1
2.2308853900701164,1759.3467609231834,485359986797.64,10827825034.714796,3077228.797418283,854,F2,CANN,prevalence,0.05,2,1
2.6832301919490527,2247.9304800763744,485359986797.64,13023325705.394215,5793473.517451366,816,F2,CANN,prevalence,0.1,1,1
5.131011413929831,1939.6952914025194,485359986797.64,24903876321.23523,6419533.11729395,1770,F2,CANN,prevalence,0.1,2,1
6.174542590072407,1942.061329184353,485359986797.64,29968759099.990093,15431417.458158584,2117,F2,CANN,prevalence,0.25,1,1
12.874290634454969,2022.4673613748498,485359986797.64,62486655323.68044,15448124.532700183,4258,F2,CANN,prevalence,0.25,2,1
2.4906709400237057,3741.374004586098,485359986797.64,12088720145.671715,3231091.07265235,438,F2,CANN,chronic,0.05,1,1
5.2673057659060385,4153.963883257819,485359986797.64,25565394569.99288,3077228.797418283,854,F2,CANN,chronic,0.05,2,1
4.397786866302922,3684.3350866072874,485359986797.64,21345097753.67621,5793473.517451366,816,F2,CANN,chronic,0.1,1,1
10.580284448575807,3999.7042046888832,485359986797.64,51352467202.76029,6419533.11729395,1770,F2,CANN,chronic,0.1,2,1
11.348335526534415,3569.359714536036,485359986797.64,55080279813.339325,15431417.458158584,2117,F2,CANN,chronic,0.25,1,1
25.67005710514208,4032.5990871167173,485359986797.64,124592185776.46425,15448124.532700183,4258,F2,CANN,chronic,0.25,2,1
4.747917082344228,7132.10776355864,485359986797.64,23044489724.02884,3231091.07265235,438,F2,CANN,targeted,0.05,1,1
10.66418968745527,8410.117197416921,485359986797.64,51759709659.108185,3077228.797418283,854,F2,CANN,targeted,0.05,2,1
8.487784715772731,7110.813685743659,485359986797.64,41196310775.886635,5793473.517451366,816,F2,CANN,targeted,0.1,1,1
21.899495183398308,8278.747456302339,485359986797.64,106291386930.89185,6419533.11729395,1770,F2,CANN,targeted,0.1,2,1
22.3093026648798,7016.881551063108,485359986797.64,108280428468.90614,15431417.458158584,2117,F2,CANN,targeted,0.25,1,1
52.42288618642773,8235.294612455908,485359986797.64,254439713473.3875,15448124.532700183,4258,F2,CANN,targeted,0.25,2,1
5.961944733823556,8955.765567206616,485359986797.64,28936894172.968605,3231091.07265235,438,F2,CANN,own-targeted,0.05,1,1
15.074211036816079,11887.999481793784,485359986797.64,73164188698.13892,3077228.797418283,854,F2,CANN,own-targeted,0.05,2,1
11.354924444660265,9512.818108078578,485359986797.64,55112259785.48506,5793473.517451366,816,F2,CANN,own-targeted,0.1,1,1
31.314754020073682,11838.032704285799,485359986797.64,151989285977.54306,6419533.11729395,1770,F2,CANN,own-targeted,0.1,2,1
29.117833281606046,9158.34933210512,485359986797.64,141326311771.36194,15431417.458158584,2117,F2,CANN,own-targeted,0.25,1,1
75.79129094114134,11906.3190786366,485359986797.64,367860599705.6846,15448124.532700183,4258,F2,CANN,own-targeted,0.25,2,1
1.5281682328419801,2038.2781634860019,430964486506.4315,6585862377.621848,3231091.07265235,438,F2,Constrained WLS,prevalence,0.05,1,1
3.160663820120438,2213.247616492567,430964486506.4315,13621338602.576607,3077228.797418283,854,F2,Constrained WLS,prevalence,0.05,2,1
3.25793516321971,2423.510438873799,430964486506.4315,14040543546.882294,5793473.517451366,816,F2,Constrained WLS,prevalence,0.1,1,1
6.221015930280365,2088.186856392257,430964486506.4315,26810369359.41608,6419533.11729395,1770,F2,Constrained WLS,prevalence,0.1,2,1
8.372585505902563,2338.2732163562778,430964486506.4315,36082870132.82489,15431417.458158584,2117,F2,Constrained WLS,prevalence,0.25,1,1
16.195973334996633,2259.1380969948277,430964486506.4315,69798893317.88681,15448124.532700183,4258,F2,Constrained WLS,prevalence,0.25,2,1
2.2827103030738947,3044.6900179747126,430964486506.4315,9837670736.071817,3231091.07265235,438,F2,Constrained WLS,chronic,0.05,1,1
4.89882096781311,3430.3881866889055,430964486506.4315,21112178628.80517,3077228.797418283,854,F2,Constrained WLS,chronic,0.05,2,1
4.224717605971126,3142.6798589958526,430964486506.4315,18207032536.92027,5793473.517451366,816,F2,Constrained WLS,chronic,0.1,1,1
9.713405153718998,3260.465043029507,430964486506.4315,41861326643.014336,6419533.11729395,1770,F2,Constrained WLS,chronic,0.1,2,1
11.291301251061743,3153.4043187202615,430964486506.4315,48661498456.53252,15431417.458158584,2117,F2,Constrained WLS,chronic,0.25,1,1
23.487230013421105,3276.1782832492536,430964486506.4315,101221620221.92473,15448124.532700183,4258,F2,Constrained WLS,chronic,0.25,2,1
11.629818031001298,15511.907412066266,430964486506.4315,50120385558.93713,3231091.07265235,438,F2,Constrained WLS,targeted,0.05,1,1
22.22659201551458,15564.120261045628,430964486506.4315,95788718147.54192,3077228.797418283,854,F2,Constrained WLS,targeted,0.05,2,1
20.564274800094477,15297.337776558263,430964486506.4315,88624721295.99866,5793473.517451366,816,F2,Constrained WLS,targeted,0.1,1,1
45.8938316995269,15405.023426794434,430964486506.4315,197786116121.992,6419533.11729395,1770,F2,Constrained WLS,targeted,0.1,2,1
55.267681325133715,15435.009756731428,430964486506.4315,238184079026.87347,15431417.458158584,2117,F2,Constrained WLS,targeted,0.25,1,1
111.16065228326518,15505.537040943247,430964486506.4315,479062934309.7736,15448124.532700183,4258,F2,Constrained WLS,targeted,0.25,2,1
12.161990807782464,16221.722029857057,430964486506.4315,52413861233.7191,3231091.07265235,438,F2,Constrained WLS,own-targeted,0.05,1,1
22.90303313033839,16037.796605727013,430964486506.4315,98703939124.56071,3077228.797418283,854,F2,Constrained WLS,own-targeted,0.05,2,1
22.223562272773684,16531.647334504298,430964486506.4315,95775661032.29616,5793473.517451366,816,F2,Constrained WLS,own-targeted,0.1,1,1
47.77482220733232,16036.408991373894,430964486506.4315,205892517205.19037,6419533.11729395,1770,F2,Constrained WLS,own-targeted,0.1,2,1
58.12030139853843,16231.681837223186,430964486506.4315,250477858478.20148,15431417.458158584,2117,F2,Constrained WLS,own-targeted,0.25,1,1
115.72810773773672,16142.640622808689,430964486506.4315,498747045255.5469,15448124.532700183,4258,F2,Constrained WLS,own-targeted,0.25,2,1
1.1815411050649978,1923.2352658337434,517367807031.7014,6112913304.45291,3178453.2100927834,429,F2,WLS,prevalence,0.05,1,2
2.0366985621761957,1659.0090440791625,517367807031.7014,10537222686.977177,3175758.0600851667,882,F2,WLS,prevalence,0.05,2,2
2.2045203630770254,1660.685088715859,517367807031.7014,11405478658.01891,6867935.851003701,930,F2,WLS,prevalence,0.1,1,2
4.414356156141267,1668.8956041431043,517367807031.7014,22838457639.59698,6842386.540805649,1866,F2,WLS,prevalence,0.1,2,2
5.466991886929102,1700.8009157756662,517367807031.7014,28284456036.006126,16630080.436608149,2221,F2,WLS,prevalence,0.25,1,2
10.996314544623962,1681.38706039281,517367807031.7014,56891391413.82901,16917993.707093798,4544,F2,WLS,prevalence,0.25,2,2
1.5674209999354611,2551.3452985780273,517367807031.7014,8109331654.320461,3178453.2100927834,429,F2,WLS,chronic,0.05,1,2
3.3562715599324364,2733.8777449541367,517367807031.7014,17364268567.651123,3175758.0600851667,882,F2,WLS,chronic,0.05,2,2
3.4589380000338203,2605.649217697028,517367807031.7014,17895431677.361168,6867935.851003701,930,F2,WLS,chronic,0.1,1,2
7.09262892737221,2681.445905138902,517367807031.7014,36694978742.44169,6842386.540805649,1866,F2,WLS,chronic,0.1,2,2
8.170673099218014,2541.9259031422475,517367807031.7014,42272432233.15339,16630080.436608149,2221,F2,WLS,chronic,0.25,1,2
17.599134548018576,2690.9886019600413,517367807031.7014,91052256467.64224,16917993.707093798,4544,F2,WLS,chronic,0.25,2,2
5.750099322625453,9359.635269491226,517367807031.7014,29749162767.612026,3178453.2100927834,429,F2,WLS,targeted,0.05,1,2
11.831230424943039,9637.223024595534,517367807031.7014,61210977394.39524,3175758.0600851667,882,F2,WLS,targeted,0.05,2,2
12.735416254491128,9593.704021360416,517367807031.7014,65888943792.21959,6867935.851003701,930,F2,WLS,targeted,0.1,1,2
24.88071626920359,9406.426790425216,517367807031.7014,128724816135.75836,6842386.540805649,1866,F2,WLS,targeted,0.1,2,2
30.11515745581252,9368.934221767313,517367807031.7014,155806129713.28116,16630080.436608149,2221,F2,WLS,targeted,0.25,1,2
61.04597913290347,9334.210929174857,517367807031.7014,315832243520.93274,16917993.707093798,4544,F2,WLS,targeted,0.25,2,2
6.378718674774773,10382.86070079996,517367807031.7014,33001436924.403847,3178453.2100927834,429,F2,WLS,own-targeted,0.05,1,2
12.783881033279641,10413.212169198869,517367807031.7014,66139684955.42049,3175758.0600851667,882,F2,WLS,own-targeted,0.05,2,2
14.012549855019836,10555.780290747058,517367807031.7014,72496421894.13998,6867935.851003701,930,F2,WLS,own-targeted,0.1,1,2
27.548340581578827,10414.95132513787,517367807031.7014,142526245540.53864,6842386.540805649,1866,F2,WLS,own-targeted,0.1,2,2
33.48933028600032,10418.651572416675,517367807031.7014,173263013690.28326,16630080.436608149,2221,F2,WLS,own-targeted,0.25,1,2
67.88394788292798,10379.767795432614,517367807031.7014,351209692488.44763,16917993.707093798,4544,F2,WLS,own-targeted,0.25,2,2
1.433774490174552,2322.4280803437864,514845886697.26276,7381728987.178329,3178453.2100927834,429,F2,Payment-form WLS (non-negative),prevalence,0.05,1,2
2.7815774248763456,2254.711581664294,514845886697.26276,14320836957.27551,3175758.0600851667,882,F2,Payment-form WLS (non-negative),prevalence,0.05,2,2
2.9070159813510754,2179.2067559033485,514845886697.26276,14966652205.618078,6867935.851003701,930,F2,Payment-form WLS (non-negative),prevalence,0.1,1,2
5.750069523813673,2163.2800375307274,514845886697.26276,29603996425.587578,6842386.540805649,1866,F2,Payment-form WLS (non-negative),prevalence,0.1,2,2
7.033766140171407,2177.563469438233,514845886697.26276,36213055652.57732,16630080.436608149,2221,F2,Payment-form WLS (non-negative),prevalence,0.25,1,2
14.696218950023187,2236.165826580613,514845886697.26276,75662878764.21803,16917993.707093798,4544,F2,Payment-form WLS (non-negative),prevalence,0.25,2,2
2.43282715561785,3940.6937001243086,514845886697.26276,12525310541.152515,3178453.2100927834,429,F2,Payment-form WLS (non-negative),chronic,0.05,1,2
5.0565102034116505,4098.7434023853375,514845886697.26276,26033234792.692276,3175758.0600851667,882,F2,Payment-form WLS (non-negative),chronic,0.05,2,2
5.518060359209015,4136.542245179527,514845886697.26276,28409506784.859814,6867935.851003701,930,F2,Payment-form WLS (non-negative),chronic,0.1,1,2
10.671636663052173,4014.862509984125,514845886697.26276,54942482403.001144,6842386.540805649,1866,F2,Payment-form WLS (non-negative),chronic,0.1,2,2
13.055545960439671,4041.8289989283767,514845886697.26276,67215941363.1943,16630080.436608149,2221,F2,Payment-form WLS (non-negative),chronic,0.25,1,2
26.259196729028524,3995.5799895604014,514845886697.26276,135194394239.14552,16917993.707093798,4544,F2,Payment-form WLS (non-negative),chronic,0.25,2,2
5.980200774168164,9686.729886183815,514845886697.26276,30788817702.042656,3178453.2100927834,429,F2,Payment-form WLS (non-negative),targeted,0.05,1,2
12.370704642731738,10027.537174362653,514845886697.26276,63690064008.57167,3175758.0600851667,882,F2,Payment-form WLS (non-negative),targeted,0.05,2,2
13.30399743470719,9973.168801349426,514845886697.26276,68495083558.89932,6867935.851003701,930,F2,Payment-form WLS (non-negative),targeted,0.1,1,2
25.96880900708784,9769.935109623155,514845886697.26276,133699344997.26004,6842386.540805649,1866,F2,Payment-form WLS (non-negative),targeted,0.1,2,2
31.46895568755654,9742.38366203681,514845886697.26276,162016623943.96918,16630080.436608149,2221,F2,Payment-form WLS (non-negative),targeted,0.25,1,2
63.84979300098172,9715.337368651279,514845886697.26276,328728032930.2711,16917993.707093798,4544,F2,Payment-form WLS (non-negative),targeted,0.25,2,2
6.665923033465718,10797.462878870512,514845886697.26276,34319230548.203648,3178453.2100927834,429,F2,Payment-form WLS (non-negative),own-targeted,0.05,1,2
13.3625483151937,10831.513146953046,514845886697.26276,68796530358.70915,3175758.0600851667,882,F2,Payment-form WLS (non-negative),own-targeted,0.05,2,2
14.622822944040621,10961.80920726194,514845886697.26276,75285002446.41672,6867935.851003701,930,F2,Payment-form WLS (non-negative),own-targeted,0.1,1,2
28.821923643916122,10843.32838131768,514845886697.26276,148388488347.728,6842386.540805649,1866,F2,Payment-form WLS (non-negative),own-targeted,0.1,2,2
34.912342502364176,10808.411902049867,514845886697.26276,179744759323.08218,16630080.436608149,2221,F2,Payment-form WLS (non-negative),own-targeted,0.25,1,2
70.98943136328084,10801.699471326137,514845886697.26276,365486167363.628,16917993.707093798,4544,F2,Payment-form WLS (non-negative),own-targeted,0.25,2,2
0.856645266993021,1402.7055842538682,520452775363.6793,4458434067.086779,3178453.2100927834,429,F2,Tweedie GLM,prevalence,0.05,1,2
2.1055686581481083,1725.334599044634,520452775363.6793,10958490518.519611,3175758.0600851667,882,F2,Tweedie GLM,prevalence,0.05,2,2
2.080910531929661,1576.9158086530863,520452775363.6793,10830156616.263023,6867935.851003701,930,F2,Tweedie GLM,prevalence,0.1,1,2
4.382563635645981,1666.755739227299,520452775363.6793,22809174073.798878,6842386.540805649,1866,F2,Tweedie GLM,prevalence,0.1,2,2
5.281877745519933,1653.0094020087486,520452775363.6793,27489679317.875023,16630080.436608149,2221,F2,Tweedie GLM,prevalence,0.25,1,2
12.106430459443366,1862.1668270637542,520452775363.6793,63008253323.646835,16917993.707093798,4544,F2,Tweedie GLM,prevalence,0.25,2,2
1.6876375376289383,2763.4059154240845,520452775363.6793,8783356402.669067,3178453.2100927834,429,F2,Tweedie GLM,chronic,0.05,1,2
3.576565011219957,2930.6911155381526,520452775363.6793,18614331863.580555,3175758.0600851667,882,F2,Tweedie GLM,chronic,0.05,2,2
3.698803370574778,2802.956407140643,520452775363.6793,19250524797.40175,6867935.851003701,930,F2,Tweedie GLM,chronic,0.1,1,2
7.763707697384113,2952.6563532467144,520452775363.6793,40406432182.15922,6842386.540805649,1866,F2,Tweedie GLM,chronic,0.1,2,2
8.939233854363179,2797.6106831610646,520452775363.6793,46524490691.282776,16630080.436608149,2221,F2,Tweedie GLM,chronic,0.25,1,2
20.522725911249037,3156.7305921325096,520452775363.6793,106811096585.37656,16917993.707093798,4544,F2,Tweedie GLM,chronic,0.25,2,2
2.881965459118605,4719.046726683618,520452775363.6793,14999269217.005384,3178453.2100927834,429,F2,Tweedie GLM,targeted,0.05,1,2
6.988765373852606,5726.699368102408,520452775363.6793,36373223351.871704,3175758.0600851667,882,F2,Tweedie GLM,targeted,0.05,2,2
6.496747825122277,4923.241145196036,520452775363.6793,33812504364.22837,6867935.851003701,930,F2,Tweedie GLM,targeted,0.1,1,2
15.03307585840559,5717.307847269535,520452775363.6793,78240060527.59915,6842386.540805649,1866,F2,Tweedie GLM,targeted,0.1,2,2
15.258790552085328,4775.370703586104,520452775363.6793,79414798915.25897,16630080.436608149,2221,F2,Tweedie GLM,targeted,0.25,1,2
40.350374529411205,6206.546938834237,520452775363.6793,210004644107.95978,16917993.707093798,4544,F2,Tweedie GLM,targeted,0.25,2,2
3.979600898522176,6516.3593596370665,520452775363.6793,20711943324.756584,3178453.2100927834,429,F2,Tweedie GLM,own-targeted,0.05,1,2
11.008171299476333,9020.260983510836,520452775363.6793,57292333044.91258,3175758.0600851667,882,F2,Tweedie GLM,own-targeted,0.05,2,2
8.846859585397217,6704.15787852744,520452775363.6793,46043726244.72751,6867935.851003701,930,F2,Tweedie GLM,own-targeted,0.1,1,2
24.276691220560117,9232.795638654392,520452775363.6793,126348713223.87581,6842386.540805649,1866,F2,Tweedie GLM,own-targeted,0.1,2,2
21.255814259001596,6652.191230151725,520452775363.6793,110626475237.1225,16630080.436608149,2221,F2,Tweedie GLM,own-targeted,0.25,1,2
64.48798264559464,9919.305482254496,520452775363.6793,335629495455.04517,16917993.707093798,4544,F2,Tweedie GLM,own-targeted,0.25,2,2
0.6915500864010126,1120.3127197195806,514910146108.43713,3560861560.300477,3178453.2100927834,429,F2,Two-part,prevalence,0.05,1,2
1.3156910964387671,1066.6157211653074,514910146108.43713,6774626947.008554,3175758.0600851667,882,F2,Two-part,prevalence,0.05,2,2
1.5396698787046623,1154.337575949718,514910146108.43713,7927916422.025774,6867935.851003701,930,F2,Two-part,prevalence,0.1,1,2
2.8753610260455615,1081.8977831828981,514910146108.43713,14805525660.356258,6842386.540805649,1866,F2,Two-part,prevalence,0.1,2,2
3.828354792708655,1185.3573006954168,514910146108.43713,19712587256.685493,16630080.436608149,2221,F2,Two-part,prevalence,0.25,1,2
7.087811369015543,1078.6107533774955,514910146108.43713,36495859876.08835,16917993.707093798,4544,F2,Two-part,prevalence,0.25,2,2
0.9246286258647499,1497.900486086324,514910146108.43713,4761006608.400619,3178453.2100927834,429,F2,Two-part,chronic,0.05,1,2
1.722003826066589,1396.0088031004732,514910146108.43713,8866772416.79235,3175758.0600851667,882,F2,Two-part,chronic,0.05,2,2
2.0389910060159697,1528.6938893991519,514910146108.43713,10498971568.214722,6867935.851003701,930,F2,Two-part,chronic,0.1,1,2
3.659323300769951,1376.8753666725822,514910146108.43713,18842226954.57464,6842386.540805649,1866,F2,Two-part,chronic,0.1,2,2
5.037330712843602,1559.6874009322833,514910146108.43713,25937726933.46817,16630080.436608149,2221,F2,Two-part,chronic,0.25,1,2
9.167914998165694,1395.1572902039316,514910146108.43713,47206524512.1523,16917993.707093798,4544,F2,Two-part,chronic,0.25,2,2
0.9477143861026266,1535.2994704078915,514910146108.43713,4879877530.171713,3178453.2100927834,429,F2,Two-part,targeted,0.05,1,2
2.0548271235128115,1665.824843041077,514910146108.43713,10580513343.955614,3175758.0600851667,882,F2,Two-part,targeted,0.05,2,2
2.198953880243941,1648.622946291279,514910146108.43713,11322636637.621223,6867935.851003701,930,F2,Two-part,targeted,0.1,1,2
4.325591039217766,1627.5686127392596,514910146108.43713,22272907140.089664,6842386.540805649,1866,F2,Two-part,targeted,0.1,2,2
5.305630451489918,1642.7599141133483,514910146108.43713,27319229509.74047,16630080.436608149,2221,F2,Two-part,targeted,0.25,1,2
10.903078105712696,1659.2113809837285,514910146108.43713,56141055404.44227,16917993.707093798,4544,F2,Two-part,targeted,0.25,2,2
1.1613371386206757,1881.368817478583,514910146108.43713,5979842757.283264,3178453.2100927834,429,F2,Two-part,own-targeted,0.05,1,2
2.0597996955861455,1669.8560503376846,514910146108.43713,10606117622.083765,3175758.0600851667,882,F2,Two-part,own-targeted,0.05,2,2
2.5423666376137595,1906.089988658823,514910146108.43713,13090903768.34917,6867935.851003701,930,F2,Two-part,own-targeted,0.1,1,2
4.3922560138411955,1652.6523109627917,514910146108.43713,22616171858.326317,6842386.540805649,1866,F2,Two-part,own-targeted,0.1,2,2
6.344826090491433,1964.5216640659285,514910146108.43713,32670153292.87568,16630080.436608149,2221,F2,Two-part,own-targeted,0.25,1,2
11.053487023062337,1682.1003472965726,514910146108.43713,56915526180.52741,16917993.707093798,4544,F2,Two-part,own-targeted,0.25,2,2
1.234227298381464,2006.5792950965322,516745854687.3015,6377818401.805287,3178453.2100927834,429,F2,LightGBM (Tweedie),prevalence,0.05,1,2
2.4714767505048196,2010.7409658044892,516745854687.3015,12771253657.794077,3175758.0600851667,882,F2,LightGBM (Tweedie),prevalence,0.05,2,2
2.7830055436206953,2093.9429392422257,516745854687.3015,14381065782.377745,6867935.851003701,930,F2,LightGBM (Tweedie),prevalence,0.1,1,2
5.378057822428219,2030.7893082587943,516745854687.3015,27790890860.083977,6842386.540805649,1866,F2,LightGBM (Tweedie),prevalence,0.1,2,2
6.50033194588857,2019.8456645676097,516745854687.3015,33590195871.293587,16630080.436608149,2221,F2,LightGBM (Tweedie),prevalence,0.25,1,2
12.984938809553414,1983.0700434625094,516745854687.3015,67099133032.049904,16917993.707093798,4544,F2,LightGBM (Tweedie),prevalence,0.25,2,2
1.781766596636568,2896.7565100804827,516745854687.3015,9207205028.322477,3178453.2100927834,429,F2,LightGBM (Tweedie),chronic,0.05,1,2
3.603089033089217,2931.396672371507,516745854687.3015,18618813219.1813,3175758.0600851667,882,F2,LightGBM (Tweedie),chronic,0.05,2,2
4.03926857153348,3039.1595605884745,516745854687.3015,20872752903.08624,6867935.851003701,930,F2,LightGBM (Tweedie),chronic,0.1,1,2
7.783775437108657,2939.2037901947756,516745854687.3015,40222336909.42737,6842386.540805649,1866,F2,LightGBM (Tweedie),chronic,0.1,2,2
9.445249793506942,2934.9188633727886,516745854687.3015,48807936772.80803,16630080.436608149,2221,F2,LightGBM (Tweedie),chronic,0.25,1,2
18.845698212625646,2878.1298180702165,516745854687.3015,97384364300.62189,16917993.707093798,4544,F2,LightGBM (Tweedie),chronic,0.25,2,2
2.8418690137746117,4620.24744542158,516745854687.3015,14685240324.323204,3178453.2100927834,429,F2,LightGBM (Tweedie),targeted,0.05,1,2
6.031345729592626,4906.974720658294,516745854687.3015,31166729039.529476,3175758.0600851667,882,F2,LightGBM (Tweedie),targeted,0.05,2,2
6.101340022961481,4590.669210229016,516745854687.3015,31528421649.030704,6867935.851003701,930,F2,LightGBM (Tweedie),targeted,0.1,1,2
12.980760510463634,4901.618860954403,516745854687.3015,67077541844.70703,6842386.540805649,1866,F2,LightGBM (Tweedie),targeted,0.1,2,2
14.318658067734635,4449.231156392333,516745854687.3015,73991072011.86758,16630080.436608149,2221,F2,LightGBM (Tweedie),targeted,0.25,1,2
32.494769950904335,4962.626763511128,516745854687.3015,167915376711.47305,16917993.707093798,4544,F2,LightGBM (Tweedie),targeted,0.25,2,2
3.7577926901356884,6109.335790238598,516745854687.3015,19418237954.018604,3178453.2100927834,429,F2,LightGBM (Tweedie),own-targeted,0.05,1,2
8.5452277210656,6952.215689411249,516745854687.3015,44157110022.196655,3175758.0600851667,882,F2,LightGBM (Tweedie),own-targeted,0.05,2,2
8.123070425809406,6111.826116221775,516745854687.3015,41975629698.70023,6867935.851003701,930,F2,LightGBM (Tweedie),own-targeted,0.1,1,2
17.967435467071887,6784.619475676238,516745854687.3015,92845977969.70996,6842386.540805649,1866,F2,LightGBM (Tweedie),own-targeted,0.1,2,2
18.511565452696267,5752.0916678166595,516745854687.3015,95657747114.53458,16630080.436608149,2221,F2,LightGBM (Tweedie),own-targeted,0.25,1,2
43.985263333447804,6717.463928763031,516745854687.3015,227292024948.8851,16917993.707093798,4544,F2,LightGBM (Tweedie),own-targeted,0.25,2,2
1.2809642914582935,2084.8434301565717,517311632908.8365,6626577293.122005,3178453.2100927834,429,F2,LightGBM (squared error),prevalence,0.05,1,2
2.470795261484362,2012.38744753058,517311632908.8365,12781711313.01891,3175758.0600851667,882,F2,LightGBM (squared error),prevalence,0.05,2,2
2.692616743139965,2028.152263518656,517311632908.8365,13929219641.914083,6867935.851003701,930,F2,LightGBM (squared error),prevalence,0.1,1,2
5.29689176962415,2002.3304108474192,517311632908.8365,27401437306.856453,6842386.540805649,1866,F2,LightGBM (squared error),prevalence,0.1,2,2
6.228822237701992,1937.5986876114566,517311632908.8365,32222422028.844906,16630080.436608149,2221,F2,LightGBM (squared error),prevalence,0.25,1,2
12.803729929206677,1957.5366180164654,517311632908.8365,66235184370.01647,16917993.707093798,4544,F2,LightGBM (squared error),prevalence,0.25,2,2
1.756735741549425,2859.188967025002,517311632908.8365,9087798350.502487,3178453.2100927834,429,F2,LightGBM (squared error),chronic,0.05,1,2
3.611185447228806,2941.200502522636,517311632908.8365,18681082404.425606,3175758.0600851667,882,F2,LightGBM (squared error),chronic,0.05,2,2
3.9011352042864016,2938.441282081303,517311632908.8365,20181026227.27546,6867935.851003701,930,F2,LightGBM (squared error),chronic,0.1,1,2
7.762672906798903,2934.4447096089507,517311632908.8365,40157209971.53325,6842386.540805649,1866,F2,LightGBM (squared error),chronic,0.1,2,2
8.993249519930714,2797.5286181242604,517311632908.8365,46523125943.11968,16630080.436608149,2221,F2,LightGBM (squared error),chronic,0.25,1,2
18.710947567505425,2860.67928827732,517311632908.8365,96793908394.17853,16917993.707093798,4544,F2,LightGBM (squared error),chronic,0.25,2,2
3.104765595342842,5053.185476589401,517311632908.8365,16061313599.259815,3178453.2100927834,429,F2,LightGBM (squared error),targeted,0.05,1,2
6.176739787031107,5030.766331734273,517311632908.8365,31952993452.82041,3175758.0600851667,882,F2,LightGBM (squared error),targeted,0.05,2,2
6.691380128295272,5040.129750303781,517311632908.8365,34615287805.82167,6867935.851003701,930,F2,LightGBM (squared error),targeted,0.1,1,2
13.191662512383086,4986.71072904606,517311632908.8365,68242004750.63178,6842386.540805649,1866,F2,LightGBM (squared error),targeted,0.1,2,2
15.635613671427842,4863.76771942288,517311632908.8365,80884848398.98065,16630080.436608149,2221,F2,LightGBM (squared error),targeted,0.25,1,2
31.959158889649746,4886.171775990603,517311632908.8365,165328446715.97668,16917993.707093798,4544,F2,LightGBM (squared error),targeted,0.25,2,2
3.816218377315369,6211.116004592985,517311632908.8365,19741741603.057236,3178453.2100927834,429,F2,LightGBM (squared error),own-targeted,0.05,1,2
7.081382184671337,5767.56999729638,517311632908.8365,36632813812.038734,3175758.0600851667,882,F2,LightGBM (squared error),own-targeted,0.05,2,2
8.011463485832362,6034.452487263373,517311632908.8365,41444232578.45458,6867935.851003701,930,F2,LightGBM (squared error),own-targeted,0.1,1,2
15.355225680240949,5804.580626187375,517311632908.8365,79434368703.29144,6842386.540805649,1866,F2,LightGBM (squared error),own-targeted,0.1,2,2
19.08691123373974,5937.3622726299855,517311632908.8365,98738812175.1192,16630080.436608149,2221,F2,LightGBM (squared error),own-targeted,0.25,1,2
37.68674748498353,5761.851321739508,517311632908.8365,194957928804.79816,16917993.707093798,4544,F2,LightGBM (squared error),own-targeted,0.25,2,2
0.856645266993021,1402.7055842538682,520452775363.6793,4458434067.086779,3178453.2100927834,429,F2,CANN,prevalence,0.05,1,2
2.1055686581481083,1725.334599044634,520452775363.6793,10958490518.519611,3175758.0600851667,882,F2,CANN,prevalence,0.05,2,2
2.080910531929661,1576.9158086530863,520452775363.6793,10830156616.263023,6867935.851003701,930,F2,CANN,prevalence,0.1,1,2
4.382563635645981,1666.755739227299,520452775363.6793,22809174073.798878,6842386.540805649,1866,F2,CANN,prevalence,0.1,2,2
5.281877745519933,1653.0094020087486,520452775363.6793,27489679317.875023,16630080.436608149,2221,F2,CANN,prevalence,0.25,1,2
12.106430459443366,1862.1668270637542,520452775363.6793,63008253323.646835,16917993.707093798,4544,F2,CANN,prevalence,0.25,2,2
1.6876375376289383,2763.4059154240845,520452775363.6793,8783356402.669067,3178453.2100927834,429,F2,CANN,chronic,0.05,1,2
3.576565011219957,2930.6911155381526,520452775363.6793,18614331863.580555,3175758.0600851667,882,F2,CANN,chronic,0.05,2,2
3.698803370574778,2802.956407140643,520452775363.6793,19250524797.40175,6867935.851003701,930,F2,CANN,chronic,0.1,1,2
7.763707697384113,2952.6563532467144,520452775363.6793,40406432182.15922,6842386.540805649,1866,F2,CANN,chronic,0.1,2,2
8.939233854363179,2797.6106831610646,520452775363.6793,46524490691.282776,16630080.436608149,2221,F2,CANN,chronic,0.25,1,2
20.522725911249037,3156.7305921325096,520452775363.6793,106811096585.37656,16917993.707093798,4544,F2,CANN,chronic,0.25,2,2
2.881965459118605,4719.046726683618,520452775363.6793,14999269217.005384,3178453.2100927834,429,F2,CANN,targeted,0.05,1,2
6.988765373852606,5726.699368102408,520452775363.6793,36373223351.871704,3175758.0600851667,882,F2,CANN,targeted,0.05,2,2
6.496747825122277,4923.241145196036,520452775363.6793,33812504364.22837,6867935.851003701,930,F2,CANN,targeted,0.1,1,2
15.03307585840559,5717.307847269535,520452775363.6793,78240060527.59915,6842386.540805649,1866,F2,CANN,targeted,0.1,2,2
15.258790552085328,4775.370703586104,520452775363.6793,79414798915.25897,16630080.436608149,2221,F2,CANN,targeted,0.25,1,2
40.350374529411205,6206.546938834237,520452775363.6793,210004644107.95978,16917993.707093798,4544,F2,CANN,targeted,0.25,2,2
3.979600898522176,6516.3593596370665,520452775363.6793,20711943324.756584,3178453.2100927834,429,F2,CANN,own-targeted,0.05,1,2
11.008171299476333,9020.260983510836,520452775363.6793,57292333044.91258,3175758.0600851667,882,F2,CANN,own-targeted,0.05,2,2
8.846859585397217,6704.15787852744,520452775363.6793,46043726244.72751,6867935.851003701,930,F2,CANN,own-targeted,0.1,1,2
24.276691220560117,9232.795638654392,520452775363.6793,126348713223.87581,6842386.540805649,1866,F2,CANN,own-targeted,0.1,2,2
21.255814259001596,6652.191230151725,520452775363.6793,110626475237.1225,16630080.436608149,2221,F2,CANN,own-targeted,0.25,1,2
64.48798264559464,9919.305482254496,520452775363.6793,335629495455.04517,16917993.707093798,4544,F2,CANN,own-targeted,0.25,2,2
1.7030811993458013,2402.336707780999,448347079605.09033,7635714820.570247,3178453.2100927834,429,F2,Constrained WLS,prevalence,0.05,1,2
2.686764689372587,1896.5599382497865,448347079605.09033,12046031020.662771,3175758.0600851667,882,F2,Constrained WLS,prevalence,0.05,2,2
2.950814587950419,1926.3271114716695,448347079605.09033,13229891029.636683,6867935.851003701,930,F2,Constrained WLS,prevalence,0.1,1,2
6.143113605070113,2012.6362549748526,448347079605.09033,27542470445.154835,6842386.540805649,1866,F2,Constrained WLS,prevalence,0.1,2,2
7.409615630725688,1997.6328687617943,448347079605.09033,33220795290.32092,16630080.436608149,2221,F2,Constrained WLS,prevalence,0.25,1,2
15.080330388770152,1998.2340123610463,448347079605.09033,67612220892.849945,16917993.707093798,4544,F2,Constrained WLS,prevalence,0.25,2,2
2.0224353187788884,2852.812072191037,448347079605.09033,9067529688.647045,3178453.2100927834,429,F2,Constrained WLS,chronic,0.05,1,2
4.497618417787263,3174.8232148687493,448347079605.09033,20164940827.929863,3175758.0600851667,882,F2,Constrained WLS,chronic,0.05,2,2
4.525329871921227,2954.1895503130645,448347079605.09033,20289184323.255596,6867935.851003701,930,F2,Constrained WLS,chronic,0.1,1,2
9.321850055173245,3054.0690911196116,448347079605.09033,41794242487.534744,6842386.540805649,1866,F2,Constrained WLS,chronic,0.1,2,2
10.628299163065638,2865.390163982636,448347079605.09033,47651668909.29704,16630080.436608149,2221,F2,Constrained WLS,chronic,0.25,1,2
23.36347073732125,3095.7996721930367,448347079605.09033,104749438745.1697,16917993.707093798,4544,F2,Constrained WLS,chronic,0.25,2,2
9.60592604027116,13549.952138299192,448347079605.09033,43067888870.58064,3178453.2100927834,429,F2,Constrained WLS,targeted,0.05,1,2
20.486164181566384,14460.975473158956,448347079605.09033,91849118831.15694,3175758.0600851667,882,F2,Constrained WLS,targeted,0.05,2,2
22.25898369262117,14530.93119980956,448347079605.09033,99797503335.64032,6867935.851003701,930,F2,Constrained WLS,targeted,0.1,1,2
42.54846911861767,13939.932914659234,448347079605.09033,190764818709.996,6842386.540805649,1866,F2,Constrained WLS,targeted,0.1,2,2
52.5980637376635,14180.441495491426,448347079605.09033,235821882696.63834,16630080.436608149,2221,F2,Constrained WLS,targeted,0.25,1,2
105.51802438237057,13981.769616599926,448347079605.09033,473086980775.34564,16917993.707093798,4544,F2,Constrained WLS,targeted,0.25,2,2
11.534427789654089,16270.263151856334,448347079605.09033,51714270144.07208,3178453.2100927834,429,F2,Constrained WLS,own-targeted,0.05,1,2
23.124182283449695,16323.125689811526,448347079605.09033,103676595950.4044,3175758.0600851667,882,F2,Constrained WLS,own-targeted,0.05,2,2
25.144249673855843,16414.467395596002,448347079605.09033,112733509101.34512,6867935.851003701,930,F2,Constrained WLS,own-targeted,0.1,1,2
49.36613317310692,16173.568613497548,448347079605.09033,221331616395.58456,6842386.540805649,1866,F2,Constrained WLS,own-targeted,0.1,2,2
59.58429478616576,16063.929852617643,448347079605.09033,267144445577.06232,16630080.436608149,2221,F2,Constrained WLS,own-targeted,0.25,1,2
121.16745418732523,16055.412706913374,448347079605.09033,543250742280.70844,16917993.707093798,4544,F2,Constrained WLS,own-targeted,0.25,2,2
1.1708087323118161,1732.3476875208578,488177212710.21704,5715621435.56765,3299350.053537583,431,F2,WLS,prevalence,0.05,1,3
2.924544005105013,2122.1097245752835,488177212710.21704,14276957408.6054,3363859.380895767,874,F2,WLS,prevalence,0.05,2,3
2.233628051384958,1779.4222879581976,488177212710.21704,10904063163.564621,6127867.025919134,863,F2,WLS,prevalence,0.1,1,3
4.39375217504059,1702.8279130201024,488177212710.21704,21449296901.50769,6298139.916988334,1702,F2,WLS,prevalence,0.1,2,3
6.269208151391787,1905.8694441133327,488177212710.21704,30604845612.46615,16058206.771190684,2184,F2,WLS,prevalence,0.25,1,3
11.81967433882507,1788.1072044505122,488177212710.21704,57700956738.701004,16134646.903464766,4398,F2,WLS,prevalence,0.25,2,3
1.8960106285264993,2805.368235815387,488177212710.21704,9255891839.030132,3299350.053537583,431,F2,WLS,chronic,0.05,1,3
3.9701368319955366,2880.8135437065216,488177212710.21704,19381303327.21752,3363859.380895767,874,F2,WLS,chronic,0.05,2,3
3.5664592139627795,2841.2237258948594,488177212710.21704,17410641183.17021,6127867.025919134,863,F2,WLS,chronic,0.1,1,3
7.46458138202281,2892.9482205493728,488177212710.21704,36440385331.24475,6298139.916988334,1702,F2,WLS,chronic,0.1,2,3
9.313416107547969,2831.3233108631116,488177212710.21704,45465975161.93206,16058206.771190684,2184,F2,WLS,chronic,0.25,1,3
19.581954112887622,2962.402535191533,488177212710.21704,95594637782.4885,16134646.903464766,4398,F2,WLS,chronic,0.25,2,3
7.874548340631249,11651.310100180124,488177212710.21704,38441750602.81228,3299350.053537583,431,F2,WLS,targeted,0.05,1,3
15.925135933575167,11555.608590888569,488177212710.21704,77742884720.84045,3363859.380895767,874,F2,WLS,targeted,0.05,2,3
14.694478027659285,11706.372373017126,488177212710.21704,71735093257.74237,6127867.025919134,863,F2,WLS,targeted,0.1,1,3
29.95769168246013,11610.30289699305,488177212710.21704,146246624247.7544,6298139.916988334,1702,F2,WLS,targeted,0.1,2,3
38.31698108768013,11648.54662378146,488177212710.21704,187054770268.53784,16058206.771190684,2184,F2,WLS,targeted,0.25,1,3
76.93228167014576,11638.490466470681,488177212710.21704,375565868331.6908,16134646.903464766,4398,F2,WLS,targeted,0.25,2,3
7.864446355421189,11636.363038174995,488177212710.21704,38392435012.98541,3299350.053537583,431,F2,WLS,own-targeted,0.05,1,3
15.963814893753389,11583.674845794423,488177212710.21704,77931706590.5438,3363859.380895767,874,F2,WLS,own-targeted,0.05,2,3
14.622714139646847,11649.201591283485,488177212710.21704,71384758309.51077,6127867.025919134,863,F2,WLS,own-targeted,0.1,1,3
30.018537376365515,11633.88405083184,488177212710.21704,146543659060.3159,6298139.916988334,1702,F2,WLS,own-targeted,0.1,2,3
38.35772036209965,11660.931559233675,488177212710.21704,187253650122.8774,16058206.771190684,2184,F2,WLS,own-targeted,0.25,1,3
76.97853280134574,11645.487442744468,488177212710.21704,375791655814.8298,16134646.903464766,4398,F2,WLS,own-targeted,0.25,2,3
1.5349779946156157,2309.8830890558734,496496556971.8481,7621112893.542052,3299350.053537583,431,F2,Payment-form WLS (non-negative),prevalence,0.05,1,3
3.63613230552293,2683.4165254338004,496496556971.8481,18053271703.862427,3363859.380895767,874,F2,Payment-form WLS (non-negative),prevalence,0.05,2,3
3.0455561839333813,2467.5929699379194,496496556971.8481,15121081593.872444,6127867.025919134,863,F2,Payment-form WLS (non-negative),prevalence,0.1,1,3
5.686586173215333,2241.4319887602774,496496556971.8481,28233704559.251297,6298139.916988334,1702,F2,Payment-form WLS (non-negative),prevalence,0.1,2,3
8.00698337679455,2475.643597665883,496496556971.8481,39754396783.093155,16058206.771190684,2184,F2,Payment-form WLS (non-negative),prevalence,0.25,1,3
15.326219215114234,2358.0977994832797,496496556971.8481,76094150716.99997,16134646.903464766,4398,F2,Payment-form WLS (non-negative),prevalence,0.25,2,3
2.9210108767985337,4395.628895614761,496496556971.8481,14502718432.07791,3299350.053537583,431,F2,Payment-form WLS (non-negative),chronic,0.05,1,3
5.820899962278178,4295.745544778211,496496556971.8481,28900567897.48676,3363859.380895767,874,F2,Payment-form WLS (non-negative),chronic,0.05,2,3
5.449266677489182,4415.144995723842,496496556971.8481,27055421433.948006,6127867.025919134,863,F2,Payment-form WLS (non-negative),chronic,0.1,1,3
10.717291829417906,4224.341284492272,496496556971.8481,53210984933.6851,6298139.916988334,1702,F2,Payment-form WLS (non-negative),chronic,0.1,2,3
13.910301760901278,4300.864367444449,496496556971.8481,69064169307.2692,16058206.771190684,2184,F2,Payment-form WLS (non-negative),chronic,0.25,1,3
27.936114295559666,4298.260955416045,496496556971.8481,138701845629.17398,16134646.903464766,4398,F2,Payment-form WLS (non-negative),chronic,0.25,2,3
7.947223097724161,11959.23088329628,496496556971.8481,39457689055.07191,3299350.053537583,431,F2,Payment-form WLS (non-negative),targeted,0.05,1,3
16.090459755207952,11874.541953099522,496496556971.8481,79888578685.54834,3363859.380895767,874,F2,Payment-form WLS (non-negative),targeted,0.05,2,3
14.780713045433846,11975.73822278895,496496556971.8481,73385731366.46783,6127867.025919134,863,F2,Payment-form WLS (non-negative),targeted,0.1,1,3
30.263442088766823,11928.676559455256,496496556971.8481,150256947991.89642,6298139.916988334,1702,F2,Payment-form WLS (non-negative),targeted,0.1,2,3
38.6134160769499,11938.710472654791,496496556971.8481,191714281351.27032,16058206.771190684,2184,F2,Payment-form WLS (non-negative),targeted,0.25,1,3
77.64107163693319,11945.884213637173,496496556971.8481,385485247473.4194,16134646.903464766,4398,F2,Payment-form WLS (non-negative),targeted,0.25,2,3
7.926624904159465,11928.234074777145,496496556971.8481,39355419733.22479,3299350.053537583,431,F2,Payment-form WLS (non-negative),own-targeted,0.05,1,3
16.120528004596018,11896.731914992892,496496556971.8481,80037866508.50179,3363859.380895767,874,F2,Payment-form WLS (non-negative),own-targeted,0.05,2,3
14.70137656161116,11911.457632342708,496496556971.8481,72991828455.86568,6127867.025919134,863,F2,Payment-form WLS (non-negative),own-targeted,0.1,1,3
30.32018129651043,11951.040957246754,496496556971.8481,150538656204.79654,6298139.916988334,1702,F2,Payment-form WLS (non-negative),own-targeted,0.1,2,3
38.70924700165662,11968.340010277683,496496556971.8481,192190078592.9535,16058206.771190684,2184,F2,Payment-form WLS (non-negative),own-targeted,0.25,1,3
77.6497774516503,11947.223693533617,496496556971.8481,385528471543.74615,16134646.903464766,4398,F2,Payment-form WLS (non-negative),own-targeted,0.25,2,3
1.0051751141790752,1483.6938887278977,487002258825.88586,4895225511.207773,3299350.053537583,431,F2,Tweedie GLM,prevalence,0.05,1,3
3.0626237458869032,2216.9545651214808,487002258825.88586,14915046821.807178,3363859.380895767,874,F2,Tweedie GLM,prevalence,0.05,2,3
2.45436492745348,1950.5665814828824,487002258825.88586,11952812636.528763,6127867.025919134,863,F2,Tweedie GLM,prevalence,0.1,1,3
5.484849914681048,2120.5739575312014,487002258825.88586,26711342977.706375,6298139.916988334,1702,F2,Tweedie GLM,prevalence,0.1,2,3
5.475433393238074,1660.5518091481815,487002258825.88586,26665484305.57627,16058206.771190684,2184,F2,Tweedie GLM,prevalence,0.25,1,3
11.772685168797931,1776.712035891972,487002258825.88586,57333242696.505974,16134646.903464766,4398,F2,Tweedie GLM,prevalence,0.25,2,3
1.9884861971226966,2935.115261881738,487002258825.88586,9683972696.42849,3299350.053537583,431,F2,Tweedie GLM,chronic,0.05,1,3
5.0809622082867385,3677.9778704448704,487002258825.88586,24744400724.44603,3363859.380895767,874,F2,Tweedie GLM,chronic,0.05,2,3
3.7875796161716986,3010.117257369548,487002258825.88586,18445598285.58499,6127867.025919134,863,F2,Tweedie GLM,chronic,0.1,1,3
9.239237996763382,3572.110046425676,487002258825.88586,44995297742.5372,6298139.916988334,1702,F2,Tweedie GLM,chronic,0.1,2,3
9.21435785976853,2794.4671253006886,487002258825.88586,44874130913.37329,16058206.771190684,2184,F2,Tweedie GLM,chronic,0.25,1,3
22.041571902622234,3326.473572329964,487002258825.88586,107342953046.50208,16134646.903464766,4398,F2,Tweedie GLM,chronic,0.25,2,3
3.6621599082012533,5405.54993721673,487002258825.88586,17834801474.756092,3299350.053537583,431,F2,Tweedie GLM,targeted,0.05,1,3
11.538600511992424,8352.496161021832,487002258825.88586,56193245130.29834,3363859.380895767,874,F2,Tweedie GLM,targeted,0.05,2,3
7.706958070235913,6124.9794961376665,487002258825.88586,37533059888.812805,6127867.025919134,863,F2,Tweedie GLM,targeted,0.1,1,3
22.412733710326865,8665.298077890004,487002258825.88586,109150519433.9226,6298139.916988334,1702,F2,Tweedie GLM,targeted,0.1,2,3
18.947501075581275,5746.267907988696,487002258825.88586,92274758229.13982,16058206.771190684,2184,F2,Tweedie GLM,targeted,0.25,1,3
52.537195239646486,7928.8170689964445,487002258825.88586,255857327540.84418,16134646.903464766,4398,F2,Tweedie GLM,targeted,0.25,2,3
4.978752298709997,7348.912895758366,487002258825.88586,24246636156.063404,3299350.053537583,431,F2,Tweedie GLM,own-targeted,0.05,1,3
16.771486406940372,12140.44768106894,487002258825.88586,81677517640.47603,3363859.380895767,874,F2,Tweedie GLM,own-targeted,0.05,2,3
9.807360258288154,7794.239951199266,487002258825.88586,47762065989.05555,6127867.025919134,863,F2,Tweedie GLM,own-targeted,0.1,1,3
33.27551215011827,12865.107630416767,487002258825.88586,162052495806.95807,6298139.916988334,1702,F2,Tweedie GLM,own-targeted,0.1,2,3
24.473774623849653,7422.238169951444,487002258825.88586,119187835238.10425,16058206.771190684,2184,F2,Tweedie GLM,own-targeted,0.25,1,3
77.55648208037246,11704.68191393142,487002258825.88586,377701819597.30725,16134646.903464766,4398,F2,Tweedie GLM,own-targeted,0.25,2,3
0.8195240468511666,1235.9331945291897,497578596650.9072,4077776251.5387583,3299350.053537583,431,F2,Two-part,prevalence,0.05,1,3
1.5348763775181233,1135.1866226862364,497578596650.9072,7637216339.580959,3363859.380895767,874,F2,Two-part,prevalence,0.05,2,3
1.446393677107932,1174.4617385070649,497578596650.9072,7196945360.601103,6127867.025919134,863,F2,Two-part,prevalence,0.1,1,3
2.7780323026294167,1097.3790935199017,497578596650.9072,13822894145.932337,6298139.916988334,1702,F2,Two-part,prevalence,0.1,2,3
3.822806135603996,1184.5323324861345,497578596650.9072,19021465122.22314,16058206.771190684,2184,F2,Two-part,prevalence,0.25,1,3
7.221105182206569,1113.4632831845113,497578596650.9072,35930673828.30938,16134646.903464766,4398,F2,Two-part,prevalence,0.25,2,3
1.0270671613972604,1548.9312396128819,497578596650.9072,5110466368.342796,3299350.053537583,431,F2,Two-part,chronic,0.05,1,3
1.908885930644744,1411.8021519138886,497578596650.9072,9498207825.368729,3363859.380895767,874,F2,Two-part,chronic,0.05,2,3
1.8333629301573138,1488.6781160246244,497578596650.9072,9122421539.394714,6127867.025919134,863,F2,Two-part,chronic,0.1,1,3
3.548637657786646,1401.7838354315115,497578596650.9072,17657261457.840416,6298139.916988334,1702,F2,Two-part,chronic,0.1,2,3
4.788031753953433,1483.6165424936044,497578596650.9072,23824221208.521313,16058206.771190684,2184,F2,Two-part,chronic,0.25,1,3
9.156027292381665,1411.8199295896425,497578596650.9072,45558432110.406746,16134646.903464766,4398,F2,Two-part,chronic,0.25,2,3
1.2567737736111788,1895.354298373457,497578596650.9072,6253437305.811153,3299350.053537583,431,F2,Two-part,targeted,0.05,1,3
2.6081548004498156,1928.9777878743603,497578596650.9072,12977620054.561462,3363859.380895767,874,F2,Two-part,targeted,0.05,2,3
2.2979461206356326,1865.9164780322103,497578596650.9072,11434088058.852745,6127867.025919134,863,F2,Two-part,targeted,0.1,1,3
4.923015835484577,1944.6910857785147,497578596650.9072,24495873107.106094,6298139.916988334,1702,F2,Two-part,targeted,0.1,2,3
6.193237815179576,1919.0328189888462,497578596650.9072,30816225808.02384,16058206.771190684,2184,F2,Two-part,targeted,0.25,1,3
12.617199694694941,1945.5177901669508,497578596650.9072,62780485177.50563,16134646.903464766,4398,F2,Two-part,targeted,0.25,2,3
1.433209073463702,2161.4383072714245,497578596650.9072,7131341594.8141575,3299350.053537583,431,F2,Two-part,own-targeted,0.05,1,3
2.444605698038296,1808.017718432086,497578596650.9072,12163834725.947067,3363859.380895767,874,F2,Two-part,own-targeted,0.05,2,3
2.5649331507608797,2082.7081140318305,497578596650.9072,12762558376.589882,6127867.025919134,863,F2,Two-part,own-targeted,0.1,1,3
4.627348516795013,1827.8964992433216,497578596650.9072,23024695812.015198,6298139.916988334,1702,F2,Two-part,own-targeted,0.1,2,3
6.740698360343859,2088.6686031495624,497578596650.9072,33540272305.86969,16058206.771190684,2184,F2,Two-part,own-targeted,0.25,1,3
11.961004530798334,1844.3353252718969,497578596650.9072,59515398489.697784,16134646.903464766,4398,F2,Two-part,own-targeted,0.25,2,3
1.4098205440457603,2109.224286616939,493613835630.5929,6959069262.972369,3299350.053537583,431,F2,LightGBM (Tweedie),prevalence,0.05,1,3
2.8379997022982426,2082.245064294089,493613835630.5929,14008759185.699162,3363859.380895767,874,F2,LightGBM (Tweedie),prevalence,0.05,2,3
2.3705094957591806,1909.5001240254935,493613835630.5929,11701162846.004318,6127867.025919134,863,F2,LightGBM (Tweedie),prevalence,0.1,1,3
4.872612571794357,1909.4439094768334,493613835630.5929,24051889811.052605,6298139.916988334,1702,F2,LightGBM (Tweedie),prevalence,0.1,2,3
6.455302829000305,1984.2980196870324,493613835630.5929,31864267895.79858,16058206.771190684,2184,F2,LightGBM (Tweedie),prevalence,0.25,1,3
12.591737845126831,1926.1208665351207,493613835630.5929,62154560149.87952,16134646.903464766,4398,F2,LightGBM (Tweedie),prevalence,0.25,2,3
2.1494345220997655,3215.7564419479386,493613835630.5929,10609906188.904757,3299350.053537583,431,F2,LightGBM (Tweedie),chronic,0.05,1,3
3.859508145490523,2831.7274945598047,493613835630.5929,19051066193.430935,3363859.380895767,874,F2,LightGBM (Tweedie),chronic,0.05,2,3
3.5251610489263028,2839.598606197039,493613835630.5929,17400682665.760765,6127867.025919134,863,F2,LightGBM (Tweedie),chronic,0.1,1,3
7.236213707449071,2835.6746997172377,493613835630.5929,35718952035.76609,6298139.916988334,1702,F2,LightGBM (Tweedie),chronic,0.1,2,3
9.477518136131483,2913.2979454638617,493613835630.5929,46782340794.34369,16058206.771190684,2184,F2,LightGBM (Tweedie),chronic,0.25,1,3
18.336680943186586,2804.9078071727304,493613835630.5929,90512394131.0073,16134646.903464766,4398,F2,LightGBM (Tweedie),chronic,0.25,2,3
3.128209005741048,4680.095233673007,493613835630.5929,15441272459.780022,3299350.053537583,431,F2,LightGBM (Tweedie),targeted,0.05,1,3
6.990238880832067,5128.749800805862,493613835630.5929,34504786259.41619,3363859.380895767,874,F2,LightGBM (Tweedie),targeted,0.05,2,3
5.23126960139683,4213.9084321528635,493613835630.5929,25822270531.632126,6127867.025919134,863,F2,LightGBM (Tweedie),targeted,0.1,1,3
12.888815526626932,5050.775111928372,493613835630.5929,63620976688.3346,6298139.916988334,1702,F2,LightGBM (Tweedie),targeted,0.1,2,3
14.809219992358276,4552.211829928507,493613835630.5929,73100358831.25229,16058206.771190684,2184,F2,LightGBM (Tweedie),targeted,0.25,1,3
33.25688300666517,5087.206952918406,493613835630.5929,164160575820.37878,16134646.903464766,4398,F2,LightGBM (Tweedie),targeted,0.25,2,3
3.4231857920407847,5121.408281833146,493613835630.5929,16897318688.85401,3299350.053537583,431,F2,LightGBM (Tweedie),own-targeted,0.05,1,3
6.774337806312096,4970.342826192391,493613835630.5929,33439068684.3105,3363859.380895767,874,F2,LightGBM (Tweedie),own-targeted,0.05,2,3
6.332148900327293,5100.692122159379,493613835630.5929,31256363064.745956,6127867.025919134,863,F2,LightGBM (Tweedie),own-targeted,0.1,1,3
13.21089384184728,5176.988815216007,493613835630.5929,65210799813.828156,6298139.916988334,1702,F2,LightGBM (Tweedie),own-targeted,0.1,2,3
16.42213952242326,5048.0077846967715,493613835630.5929,81061952789.24098,16058206.771190684,2184,F2,LightGBM (Tweedie),own-targeted,0.25,1,3
33.930198038811696,5190.201960368557,493613835630.5929,167484151976.4346,16134646.903464766,4398,F2,LightGBM (Tweedie),own-targeted,0.25,2,3
1.4627718224091375,2187.02487935876,493293659493.4012,7215760652.80035,3299350.053537583,431,F2,LightGBM (squared error),prevalence,0.05,1,3
3.3912393686976396,2486.544009395359,493293659493.4012,16728768784.029501,3363859.380895767,874,F2,LightGBM (squared error),prevalence,0.05,2,3
2.7913349921539403,2247.026326334276,493293659493.4012,13769478531.516016,6127867.025919134,863,F2,LightGBM (squared error),prevalence,0.1,1,3
5.396199827865513,2113.251845410194,493293659493.4012,26619111604.454407,6298139.916988334,1702,F2,LightGBM (squared error),prevalence,0.1,2,3
7.64381419955184,2348.1109271486634,493293659493.4012,37706450789.845505,16058206.771190684,2184,F2,LightGBM (squared error),prevalence,0.25,1,3
14.518502990638016,2219.411900820639,493293659493.4012,71618854706.17715,16134646.903464766,4398,F2,LightGBM (squared error),prevalence,0.25,2,3
2.8325910119382205,4235.0740705095195,493293659493.4012,13972991861.271214,3299350.053537583,431,F2,LightGBM (squared error),chronic,0.05,1,3
5.936751045572665,4352.978702682816,493293659493.4012,29285616487.718155,3363859.380895767,874,F2,LightGBM (squared error),chronic,0.05,2,3
5.202346238181036,4187.891811178996,493293659493.4012,25662844137.840527,6127867.025919134,863,F2,LightGBM (squared error),chronic,0.1,1,3
10.958132972030608,4291.407928559594,493293659493.4012,54055775149.8828,6298139.916988334,1702,F2,LightGBM (squared error),chronic,0.1,2,3
13.716554419715155,4213.602067623624,493293659493.4012,67662893253.41675,16058206.771190684,2184,F2,LightGBM (squared error),chronic,0.25,1,3
27.839411553561916,4255.750152316749,493293659493.4012,137330052033.99432,16134646.903464766,4398,F2,LightGBM (squared error),chronic,0.25,2,3
6.608117429831766,9879.953252698133,493293659493.4012,32597424293.238403,3299350.053537583,431,F2,LightGBM (squared error),targeted,0.05,1,3
13.177691522845759,9662.22267181801,493293659493.4012,65004716749.79755,3363859.380895767,874,F2,LightGBM (squared error),targeted,0.05,2,3
11.717796149905478,9432.832859354607,493293659493.4012,57803145439.845604,6127867.025919134,863,F2,LightGBM (squared error),targeted,0.1,1,3
24.012049230824005,9403.563427559546,493293659493.4012,118449916370.08884,6298139.916988334,1702,F2,LightGBM (squared error),targeted,0.1,2,3
31.503488878510403,9677.588249499024,493293659493.4012,155404713156.90063,16058206.771190684,2184,F2,LightGBM (squared error),targeted,0.25,1,3
61.502732928551296,9401.788702501872,493293659493.4012,303389081951.70374,16134646.903464766,4398,F2,LightGBM (squared error),targeted,0.25,2,3
6.930994492406476,10362.694414379916,493293659493.4012,34190156370.877987,3299350.053537583,431,F2,LightGBM (squared error),own-targeted,0.05,1,3
13.585383406112864,9961.152856273331,493293659493.4012,67015834960.22342,3363859.380895767,874,F2,LightGBM (squared error),own-targeted,0.05,2,3
12.996515092247778,10462.202367314767,493293659493.4012,64110984905.161255,6127867.025919134,863,F2,LightGBM (squared error),own-targeted,0.1,1,3
26.09463471057538,10219.142492215853,493293659493.4012,128723178495.2326,6298139.916988334,1702,F2,LightGBM (squared error),own-targeted,0.1,2,3
34.361266445566585,10555.471797866589,493293659493.4012,169501948697.61356,16058206.771190684,2184,F2,LightGBM (squared error),own-targeted,0.25,1,3
65.93551502771538,10079.418438224173,493293659493.4012,325255714986.0387,16134646.903464766,4398,F2,LightGBM (squared error),own-targeted,0.25,2,3
1.0051751141790752,1483.6938887278977,487002258825.88586,4895225511.207773,3299350.053537583,431,F2,CANN,prevalence,0.05,1,3
3.0626237458869032,2216.9545651214808,487002258825.88586,14915046821.807178,3363859.380895767,874,F2,CANN,prevalence,0.05,2,3
2.45436492745348,1950.5665814828824,487002258825.88586,11952812636.528763,6127867.025919134,863,F2,CANN,prevalence,0.1,1,3
5.484849914681048,2120.5739575312014,487002258825.88586,26711342977.706375,6298139.916988334,1702,F2,CANN,prevalence,0.1,2,3
5.475433393238074,1660.5518091481815,487002258825.88586,26665484305.57627,16058206.771190684,2184,F2,CANN,prevalence,0.25,1,3
11.772685168797931,1776.712035891972,487002258825.88586,57333242696.505974,16134646.903464766,4398,F2,CANN,prevalence,0.25,2,3
1.9884861971226966,2935.115261881738,487002258825.88586,9683972696.42849,3299350.053537583,431,F2,CANN,chronic,0.05,1,3
5.0809622082867385,3677.9778704448704,487002258825.88586,24744400724.44603,3363859.380895767,874,F2,CANN,chronic,0.05,2,3
3.7875796161716986,3010.117257369548,487002258825.88586,18445598285.58499,6127867.025919134,863,F2,CANN,chronic,0.1,1,3
9.239237996763382,3572.110046425676,487002258825.88586,44995297742.5372,6298139.916988334,1702,F2,CANN,chronic,0.1,2,3
9.21435785976853,2794.4671253006886,487002258825.88586,44874130913.37329,16058206.771190684,2184,F2,CANN,chronic,0.25,1,3
22.041571902622234,3326.473572329964,487002258825.88586,107342953046.50208,16134646.903464766,4398,F2,CANN,chronic,0.25,2,3
3.6621599082012533,5405.54993721673,487002258825.88586,17834801474.756092,3299350.053537583,431,F2,CANN,targeted,0.05,1,3
11.538600511992424,8352.496161021832,487002258825.88586,56193245130.29834,3363859.380895767,874,F2,CANN,targeted,0.05,2,3
7.706958070235913,6124.9794961376665,487002258825.88586,37533059888.812805,6127867.025919134,863,F2,CANN,targeted,0.1,1,3
22.412733710326865,8665.298077890004,487002258825.88586,109150519433.9226,6298139.916988334,1702,F2,CANN,targeted,0.1,2,3
18.947501075581275,5746.267907988696,487002258825.88586,92274758229.13982,16058206.771190684,2184,F2,CANN,targeted,0.25,1,3
52.537195239646486,7928.8170689964445,487002258825.88586,255857327540.84418,16134646.903464766,4398,F2,CANN,targeted,0.25,2,3
4.978752298709997,7348.912895758366,487002258825.88586,24246636156.063404,3299350.053537583,431,F2,CANN,own-targeted,0.05,1,3
16.771486406940372,12140.44768106894,487002258825.88586,81677517640.47603,3363859.380895767,874,F2,CANN,own-targeted,0.05,2,3
9.807360258288154,7794.239951199266,487002258825.88586,47762065989.05555,6127867.025919134,863,F2,CANN,own-targeted,0.1,1,3
33.27551215011827,12865.107630416767,487002258825.88586,162052495806.95807,6298139.916988334,1702,F2,CANN,own-targeted,0.1,2,3
24.473774623849653,7422.238169951444,487002258825.88586,119187835238.10425,16058206.771190684,2184,F2,CANN,own-targeted,0.25,1,3
77.55648208037246,11704.68191393142,487002258825.88586,377701819597.30725,16134646.903464766,4398,F2,CANN,own-targeted,0.25,2,3
1.4210181748027098,1893.903619798971,439730548150.5403,6248651009.378758,3299350.053537583,431,F2,Constrained WLS,prevalence,0.05,1,3
3.9574490344428845,2586.628981990907,439730548150.5403,17402112331.93396,3363859.380895767,874,F2,Constrained WLS,prevalence,0.05,2,3
2.8081114901067368,2015.0770236846863,439730548150.5403,12348124048.124659,6127867.025919134,863,F2,Constrained WLS,prevalence,0.1,1,3
5.797748374250303,2023.9682701961099,439730548150.5403,25494470706.479897,6298139.916988334,1702,F2,Constrained WLS,prevalence,0.1,2,3
8.089384645061129,2215.1598835774225,439730548150.5403,35571495441.73294,16058206.771190684,2184,F2,Constrained WLS,prevalence,0.25,1,3
15.07296613996152,2053.9785291354906,439730548150.5403,66280436629.79813,16134646.903464766,4398,F2,Constrained WLS,prevalence,0.25,2,3
2.187180348724627,2915.0287118444876,439730548150.5403,9617700136.487701,3299350.053537583,431,F2,Constrained WLS,chronic,0.05,1,3
4.670038294826393,3052.384577861247,439730548150.5403,20535584992.680244,3363859.380895767,874,F2,Constrained WLS,chronic,0.05,2,3
4.1283646768958775,2962.4795294321207,439730548150.5403,18153680623.367523,6127867.025919134,863,F2,Constrained WLS,chronic,0.1,1,3
8.730905821061645,3047.920539356677,439730548150.5403,38392460025.4618,6298139.916988334,1702,F2,Constrained WLS,chronic,0.1,2,3
10.779564561029325,2951.826378116872,439730548150.5403,47401038332.455635,16058206.771190684,2184,F2,Constrained WLS,chronic,0.25,1,3
23.06594701865158,3143.174308929223,439730548150.5403,101428015261.2298,16134646.903464766,4398,F2,Constrained WLS,chronic,0.25,2,3
13.647400859797715,18188.973475168248,439730548150.5403,60011790609.090034,3299350.053537583,431,F2,Constrained WLS,targeted,0.05,1,3
27.334070542345582,17865.82681046916,439730548150.5403,120196258227.71158,3363859.380895767,874,F2,Constrained WLS,targeted,0.05,2,3
25.253642347370125,18121.799877896545,439730548150.5403,111047979922.06761,6127867.025919134,863,F2,Constrained WLS,targeted,0.1,1,3
51.4694796097668,17967.767293306177,439730548150.5403,226327024818.25812,6298139.916988334,1702,F2,Constrained WLS,targeted,0.1,2,3
65.20603289988817,17855.720130115085,439730548150.5403,286730845897.8999,16058206.771190684,2184,F2,Constrained WLS,targeted,0.25,1,3
132.2182103659018,18017.247748754988,439730548150.5403,581403861196.8145,16134646.903464766,4398,F2,Constrained WLS,targeted,0.25,2,3
14.317799926654674,19082.46747963904,439730548150.5403,62959740100.57625,3299350.053537583,431,F2,Constrained WLS,own-targeted,0.05,1,3
28.831197599379383,18844.364298063498,439730548150.5403,126779583242.11636,3363859.380895767,874,F2,Constrained WLS,own-targeted,0.05,2,3
26.453136801936637,18982.546940094668,439730548150.5403,116322523462.16827,6127867.025919134,863,F2,Constrained WLS,own-targeted,0.1,1,3
54.711973989448964,19099.707715197037,439730548150.5403,240585263127.78497,6298139.916988334,1702,F2,Constrained WLS,own-targeted,0.1,2,3
69.89364716174389,19139.354858609277,439730548150.5403,307343717786.7409,16058206.771190684,2184,F2,Constrained WLS,own-targeted,0.25,1,3
140.65402188334133,19166.787631732455,439730548150.5403,618498701423.3977,16134646.903464766,4398,F2,Constrained WLS,own-targeted,0.25,2,3
1.3103863989357643,1939.0184785369747,500404775036.5159,6557236111.703613,3381729.562810133,461,F2,WLS,prevalence,0.05,1,4
2.300595337650667,1704.6474915005333,500404775036.5159,11512288923.871393,3376735.9472478335,880,F2,WLS,prevalence,0.05,2,4
2.639700454770798,1907.369564843501,500404775036.5159,13209187122.333698,6925342.29642985,890,F2,WLS,prevalence,0.1,1,4
4.245676323224324,1660.956421878116,500404775036.5159,21245567054.0093,6395582.320572266,1792,F2,WLS,prevalence,0.1,2,4
5.574810677357598,1805.3815266073987,500404775036.5159,27896618828.742958,15451924.381416034,2187,F2,WLS,prevalence,0.25,1,4
11.232700396676599,1706.4827128211982,500404775036.5159,56208969150.515366,16469246.576072652,4314,F2,WLS,prevalence,0.25,2,4
1.9019193850301035,2814.327770233389,500404775036.5159,9517295420.035776,3381729.562810133,461,F2,WLS,chronic,0.05,1,4
4.306729038255838,3191.1108970308114,500404775036.5159,21551077755.316437,3376735.9472478335,880,F2,WLS,chronic,0.05,2,4
4.080091033877434,2948.1532443363526,500404775036.5159,20416970359.35943,6925342.29642985,890,F2,WLS,chronic,0.1,1,4
7.790141630225209,3047.5911923111926,500404775036.5159,38982240699.75443,6395582.320572266,1792,F2,WLS,chronic,0.1,2,4
8.654111799444264,2802.6016444593206,500404775036.5159,43305588681.41765,15451924.381416034,2187,F2,WLS,chronic,0.25,1,4
19.872659293186665,3019.0736282472353,500404775036.5159,99443736029.84401,16469246.576072652,4314,F2,WLS,chronic,0.25,2,4
7.042591891056465,10421.136715585333,500404775036.5159,35241466109.181015,3381729.562810133,461,F2,WLS,targeted,0.05,1,4
14.080203735407386,10432.857784493684,500404775036.5159,70458011826.84843,3376735.9472478335,880,F2,WLS,targeted,0.05,2,4
14.68450509628013,10610.589563226022,500404775036.5159,73481964692.2663,6925342.29642985,890,F2,WLS,targeted,0.1,1,4
26.94556416773924,10541.40835011804,500404775036.5159,134836889755.89558,6395582.320572266,1792,F2,WLS,targeted,0.1,2,4
32.739370488252106,10602.522326419506,500404775036.5159,163829373240.10944,15451924.381416034,2187,F2,WLS,targeted,0.25,1,4
69.38292049680109,10540.720415535136,500404775036.5159,347195447225.7822,16469246.576072652,4314,F2,WLS,targeted,0.25,2,4
7.058350862508922,10444.45574337276,500404775036.5159,35320324754.82575,3381729.562810133,461,F2,WLS,own-targeted,0.05,1,4
14.163752591104087,10494.764085419498,500404775036.5159,70876094290.2431,3376735.9472478335,880,F2,WLS,own-targeted,0.05,2,4
14.57990768622298,10535.01056480448,500404775036.5159,72958554257.77579,6925342.29642985,890,F2,WLS,own-targeted,0.1,1,4
27.024292482756895,10572.207754136882,500404775036.5159,135230850003.54973,6395582.320572266,1792,F2,WLS,own-targeted,0.1,2,4
32.90904673907443,10657.471343788438,500404775036.5159,164678441301.32727,15451924.381416034,2187,F2,WLS,own-targeted,0.25,1,4
69.43845773649936,10549.157686726925,500404775036.5159,347473358225.15576,16469246.576072652,4314,F2,WLS,own-targeted,0.25,2,4
1.7125544024141317,2547.50296772101,503047732973.8812,8614966097.288689,3381729.562810133,461,F2,Payment-form WLS (non-negative),prevalence,0.05,1,4
3.1067224719316746,2314.1129790708187,503047732973.8812,15628296964.842413,3376735.9472478335,880,F2,Payment-form WLS (non-negative),prevalence,0.05,2,4
3.2860573875703105,2386.9487578852177,503047732973.8812,16530437192.393192,6925342.29642985,890,F2,Payment-form WLS (non-negative),prevalence,0.1,1,4
5.56420103814649,2188.275107527701,503047732973.8812,27990587180.505085,6395582.320572266,1792,F2,Payment-form WLS (non-negative),prevalence,0.1,2,4
7.368114931712871,2398.7390963076236,503047732973.8812,37065135126.89163,15451924.381416034,2187,F2,Payment-form WLS (non-negative),prevalence,0.25,1,4
15.138429205102618,2311.9917651474216,503047732973.8812,76153524924.12466,16469246.576072652,4314,F2,Payment-form WLS (non-negative),prevalence,0.25,2,4
3.033371955833843,4512.279463236417,503047732973.8812,15259308856.487629,3381729.562810133,461,F2,Payment-form WLS (non-negative),chronic,0.05,1,4
6.178373105057747,4602.101900356244,503047732973.8812,31080165839.66099,3376735.9472478335,880,F2,Payment-form WLS (non-negative),chronic,0.05,2,4
5.91713887427036,4298.131657590161,503047732973.8812,29766032963.93328,6925342.29642985,890,F2,Payment-form WLS (non-negative),chronic,0.1,1,4
11.091242914854272,4361.936352717314,503047732973.8812,55794246041.80064,6395582.320572266,1792,F2,Payment-form WLS (non-negative),chronic,0.1,2,4
13.55739570432644,4413.7008477039,503047732973.8812,68200171740.91252,15451924.381416034,2187,F2,Payment-form WLS (non-negative),chronic,0.25,1,4
28.82412142941503,4402.116658177094,503047732973.8812,144999089400.311,16469246.576072652,4314,F2,Payment-form WLS (non-negative),chronic,0.25,2,4
7.123338356760963,10596.291468667281,503047732973.8812,35833792115.74495,3381729.562810133,461,F2,Payment-form WLS (non-negative),targeted,0.05,1,4
14.263647469075607,10624.602627139466,503047732973.8812,71752955232.57123,3376735.9472478335,880,F2,Payment-form WLS (non-negative),targeted,0.05,2,4
14.819442613149526,10764.647711817131,503047732973.8812,74548870104.814,6925342.29642985,890,F2,Payment-form WLS (non-negative),targeted,0.1,1,4
27.256748849738354,10719.466211070869,503047732973.8812,137114457170.99324,6395582.320572266,1792,F2,Payment-form WLS (non-negative),targeted,0.1,2,4
33.097494585758795,10775.110728930116,503047732973.8812,166496196184.8127,15451924.381416034,2187,F2,Payment-form WLS (non-negative),targeted,0.25,1,4
70.18688567553892,10719.176970388291,503047732973.8812,353073537235.7683,16469246.576072652,4314,F2,Payment-form WLS (non-negative),targeted,0.25,2,4
7.130208678855703,10606.51138687886,503047732973.8812,35868353115.29054,3381729.562810133,461,F2,Payment-form WLS (non-negative),own-targeted,0.05,1,4
14.322489327659198,10668.432325444086,503047732973.8812,72048957868.21568,3376735.9472478335,880,F2,Payment-form WLS (non-negative),own-targeted,0.05,2,4
14.746286271589346,10711.507909913791,503047732973.8812,74180858787.06888,6925342.29642985,890,F2,Payment-form WLS (non-negative),own-targeted,0.1,1,4
27.327917326636214,10747.455172175718,503047732973.8812,137472468580.61996,6395582.320572266,1792,F2,Payment-form WLS (non-negative),own-targeted,0.1,2,4
33.221514415699694,10815.486214051312,503047732973.8812,167120075127.76846,15451924.381416034,2187,F2,Payment-form WLS (non-negative),own-targeted,0.25,1,4
70.22542734441343,10725.063183537992,503047732973.8812,353267420227.2919,16469246.576072652,4314,F2,Payment-form WLS (non-negative),own-targeted,0.25,2,4
0.9796024992163206,1452.6170104476748,501464409451.9615,4912357887.671778,3381729.562810133,461,F2,Tweedie GLM,prevalence,0.05,1,4
2.362121429105422,1753.942040486763,501464409451.9615,11845198275.001738,3376735.9472478335,880,F2,Tweedie GLM,prevalence,0.05,2,4
2.2211112696038473,1608.307869075554,501464409451.9615,11138082511.389896,6925342.29642985,890,F2,Tweedie GLM,prevalence,0.1,1,4
4.714555348017262,1848.2927706343087,501464409451.9615,23641817134.22063,6395582.320572266,1792,F2,Tweedie GLM,prevalence,0.1,2,4
5.408445802932222,1755.2137932296835,501464409451.9615,27121430806.20347,15451924.381416034,2187,F2,Tweedie GLM,prevalence,0.25,1,4
11.71594400864094,1783.6665801096995,501464409451.9615,58751289434.65376,16469246.576072652,4314,F2,Tweedie GLM,prevalence,0.25,2,4
1.874594910104659,2779.768790193068,501464409451.9615,9400426295.572857,3381729.562810133,461,F2,Tweedie GLM,chronic,0.05,1,4
4.733072865218364,3514.4406111829608,501464409451.9615,23734675892.4983,3376735.9472478335,880,F2,Tweedie GLM,chronic,0.05,2,4
4.024468821238325,2914.1200455037333,501464409451.9615,20181278808.001083,6925342.29642985,890,F2,Tweedie GLM,chronic,0.1,1,4
9.352780420256252,3666.661044367582,501464409451.9615,46900865101.7767,6395582.320572266,1792,F2,Tweedie GLM,chronic,0.1,2,4
9.408801862564372,3053.457390288483,501464409451.9615,47181792696.61359,15451924.381416034,2187,F2,Tweedie GLM,chronic,0.25,1,4
23.027125632520075,3505.7110546466283,501464409451.9615,115472839566.87805,16469246.576072652,4314,F2,Tweedie GLM,chronic,0.25,2,4
3.0576505293186385,4534.079051907131,501464409451.9615,15333029169.952486,3381729.562810133,461,F2,Tweedie GLM,targeted,0.05,1,4
9.536311052468077,7080.980960583735,501464409451.9615,47821205902.761185,3376735.9472478335,880,F2,Tweedie GLM,targeted,0.05,2,4
6.429814977771761,4655.832495638367,501464409451.9615,32243233707.13693,6925342.29642985,890,F2,Tweedie GLM,targeted,0.1,1,4
18.679117503770687,7322.955251457093,501464409451.9615,93669126281.12164,6395582.320572266,1792,F2,Tweedie GLM,targeted,0.1,2,4
16.15286270937565,5242.121019733705,501464409451.9615,81000857595.15672,15451924.381416034,2187,F2,Tweedie GLM,targeted,0.25,1,4
44.921404811703724,6838.954542213583,501464409451.9615,225264857356.5351,16469246.576072652,4314,F2,Tweedie GLM,targeted,0.25,2,4
3.664948461017618,5434.6191247441875,501464409451.9615,18378412156.76075,3381729.562810133,461,F2,Tweedie GLM,own-targeted,0.05,1,4
12.460379812629494,9252.184804944702,501464409451.9615,62484370042.87392,3376735.9472478335,880,F2,Tweedie GLM,own-targeted,0.05,2,4
8.618951097742775,6240.987141607487,501464409451.9615,43220972223.24915,6925342.29642985,890,F2,Tweedie GLM,own-targeted,0.1,1,4
24.701313722080933,9683.89513061775,501464409451.9615,123868296983.30946,6395582.320572266,1792,F2,Tweedie GLM,own-targeted,0.1,2,4
20.148818675351887,6538.936645549421,501464409451.9615,101039154581.89987,15451924.381416034,2187,F2,Tweedie GLM,own-targeted,0.25,1,4
61.37162576710756,9343.380078212514,501464409451.9615,307756860724.09375,16469246.576072652,4314,F2,Tweedie GLM,own-targeted,0.25,2,4
0.7743676446825151,1143.5761537948965,499409461793.6238,3867265286.6129093,3381729.562810133,461,F2,Two-part,prevalence,0.05,1,4
1.4639275067385025,1082.5531810401558,499409461793.6238,7310992482.451571,3376735.9472478335,880,F2,Two-part,prevalence,0.05,2,4
1.6639696866766442,1199.9438729439923,499409461793.6238,8310022056.640877,6925342.29642985,890,F2,Two-part,prevalence,0.1,1,4
2.788818720879002,1088.8472594232373,499409461793.6238,13927624564.341644,6395582.320572266,1792,F2,Two-part,prevalence,0.1,2,4
3.646399339707683,1178.5239733105375,499409461793.6238,18210463317.28039,15451924.381416034,2187,F2,Two-part,prevalence,0.25,1,4
7.28205310736985,1104.0961122009614,499409461793.6238,36367262231.041626,16469246.576072652,4314,F2,Two-part,prevalence,0.25,2,4
1.0386953573288964,1533.9319118708727,499409461793.6238,5187342893.711598,3381729.562810133,461,F2,Two-part,chronic,0.05,1,4
1.9187885653401155,1418.9163435969658,499409461793.6238,9582611647.122665,3376735.9472478335,880,F2,Two-part,chronic,0.05,2,4
2.075507216391799,1496.7172704537086,499409461793.6238,10365279418.870106,6925342.29642985,890,F2,Two-part,chronic,0.1,1,4
3.6527621088516797,1426.1593920649675,499409461793.6238,18242239588.417595,6395582.320572266,1792,F2,Two-part,chronic,0.1,2,4
4.587829384367992,1482.796153470576,499409461793.6238,22912054036.481907,15451924.381416034,2187,F2,Two-part,chronic,0.25,1,4
9.335821763467907,1415.486039618981,499409461793.6238,46623977222.947075,16469246.576072652,4314,F2,Two-part,chronic,0.25,2,4
1.2345505750378383,1823.168372234712,499409461793.6238,6165462382.366555,3381729.562810133,461,F2,Two-part,targeted,0.05,1,4
2.4306361529520077,1797.4202187044657,499409461793.6238,12138826929.618864,3376735.9472478335,880,F2,Two-part,targeted,0.05,2,4
2.4547472577185108,1770.1998751001283,499409461793.6238,12259240068.165754,6925342.29642985,890,F2,Two-part,targeted,0.1,1,4
4.671750980463971,1824.0064202461726,499409461793.6238,23331166427.87346,6395582.320572266,1792,F2,Two-part,targeted,0.1,2,4
5.505752064255535,1779.470703652907,499409461793.6238,27496246751.7899,15451924.381416034,2187,F2,Two-part,targeted,0.25,1,4
11.928335353279945,1808.559824324387,499409461793.6238,59571235388.75392,16469246.576072652,4314,F2,Two-part,targeted,0.25,2,4
1.3755774705357477,2031.435073255331,499409461793.6238,6869764042.156921,3381729.562810133,461,F2,Two-part,own-targeted,0.05,1,4
2.362121505988444,1746.7546299530838,499409461793.6238,11796658299.96833,3376735.9472478335,880,F2,Two-part,own-targeted,0.05,2,4
2.8037663316362633,2021.889135211979,499409461793.6238,14002274346.77549,6925342.29642985,890,F2,Two-part,own-targeted,0.1,1,4
4.4942104842225135,1754.6887262268847,499409461793.6238,22444512391.128265,6395582.320572266,1792,F2,Two-part,own-targeted,0.1,2,4
6.177782528760686,1996.6723701269436,499409461793.6238,30852430477.664265,15451924.381416034,2187,F2,Two-part,own-targeted,0.25,1,4
11.510165577955616,1745.1574271751165,499409461793.6238,57482855964.42309,16469246.576072652,4314,F2,Two-part,own-targeted,0.25,2,4
1.343620021208001,1975.5167695247235,497213747628.0372,6680663461.32893,3381729.562810133,461,F2,LightGBM (Tweedie),prevalence,0.05,1,4
2.8253425082312176,2080.1139899544205,497213747628.0372,14047991368.504421,3376735.9472478335,880,F2,LightGBM (Tweedie),prevalence,0.05,2,4
2.7576787684541975,1979.9105033757528,497213747628.0372,13711557952.173817,6925342.29642985,890,F2,LightGBM (Tweedie),prevalence,0.1,1,4
5.0338027558833,1956.7224746855607,497213747628.0372,25028759330.730774,6395582.320572266,1792,F2,LightGBM (Tweedie),prevalence,0.1,2,4
6.354473245721354,2044.7494944430136,497213747628.0372,31595314567.072113,15451924.381416034,2187,F2,LightGBM (Tweedie),prevalence,0.25,1,4
13.19446061385577,1991.732645279941,497213747628.0372,65604672097.45759,16469246.576072652,4314,F2,LightGBM (Tweedie),prevalence,0.25,2,4
2.155113907480222,3168.651551229044,497213747628.0372,10715522625.035442,3381729.562810133,461,F2,LightGBM (Tweedie),chronic,0.05,1,4
4.606051585397924,3391.1330443388033,497213747628.0372,22901921705.437637,3376735.9472478335,880,F2,LightGBM (Tweedie),chronic,0.05,2,4
4.085495070461755,2933.2330850236385,497213747628.0372,20313643149.001614,6925342.29642985,890,F2,LightGBM (Tweedie),chronic,0.1,1,4
8.389192152111363,3261.017887382752,497213747628.0372,41712216695.230095,6395582.320572266,1792,F2,LightGBM (Tweedie),chronic,0.1,2,4
9.780073595331693,3147.0429989039662,497213747628.0372,48627870444.12883,15451924.381416034,2187,F2,LightGBM (Tweedie),chronic,0.25,1,4
21.67012934296606,3271.153350103597,497213747628.0372,107746862222.00449,16469246.576072652,4314,F2,LightGBM (Tweedie),chronic,0.25,2,4
3.317615518507565,4877.870966640316,497213747628.0372,16495640451.4608,3381729.562810133,461,F2,LightGBM (Tweedie),targeted,0.05,1,4
8.471844690046042,6237.262423633801,497213747628.0372,42123176476.6048,3376735.9472478335,880,F2,LightGBM (Tweedie),targeted,0.05,2,4
6.765625842849461,4857.467019509586,497213747628.0372,33639621803.722782,6925342.29642985,890,F2,LightGBM (Tweedie),targeted,0.1,1,4
15.876458712889978,6171.442364447188,497213747628.0372,78939935356.97829,6395582.320572266,1792,F2,LightGBM (Tweedie),targeted,0.1,2,4
16.23096232651711,5222.817175887246,497213747628.0372,80702576059.77057,15451924.381416034,2187,F2,LightGBM (Tweedie),targeted,0.25,1,4
40.20596212678723,6069.177789557984,497213747628.0372,199909571060.50806,16469246.576072652,4314,F2,LightGBM (Tweedie),targeted,0.25,2,4
3.4399022900559877,5057.668501711098,497213747628.0372,17103667091.130049,3381729.562810133,461,F2,LightGBM (Tweedie),own-targeted,0.05,1,4
9.275191468216764,6828.713855518385,497213747628.0372,46117527098.79655,3376735.9472478335,880,F2,LightGBM (Tweedie),own-targeted,0.05,2,4
7.40244973736168,5314.682824326534,497213747628.0372,36805997755.4178,6925342.29642985,890,F2,LightGBM (Tweedie),own-targeted,0.1,1,4
17.913322882297372,6963.205190970935,497213747628.0372,89067504027.78148,6395582.320572266,1792,F2,LightGBM (Tweedie),own-targeted,0.1,2,4
17.633091731748003,5673.995941085444,497213747628.0372,87674156222.1138,15451924.381416034,2187,F2,LightGBM (Tweedie),own-targeted,0.25,1,4
44.3314808899697,6691.933856654559,497213747628.0372,220422217512.02545,16469246.576072652,4314,F2,LightGBM (Tweedie),own-targeted,0.25,2,4
1.5183465550781272,2250.00169884561,501130472217.3723,7608897261.359223,3381729.562810133,461,F2,LightGBM (squared error),prevalence,0.05,1,4
3.032581921966142,2250.278426169786,501130472217.3723,15197192105.927593,3376735.9472478335,880,F2,LightGBM (squared error),prevalence,0.05,2,4
2.9971853458529263,2168.8182957607255,501130472217.3723,15019809076.902655,6925342.29642985,890,F2,LightGBM (squared error),prevalence,0.1,1,4
5.391835420192328,2112.4057941901087,501130472217.3723,27020130302.393353,6395582.320572266,1792,F2,LightGBM (squared error),prevalence,0.1,2,4
6.862253928008639,2225.538040785664,501130472217.3723,34388845514.184875,15451924.381416034,2187,F2,LightGBM (squared error),prevalence,0.25,1,4
14.511798369524254,2207.843672766596,501130472217.3723,72723043696.42982,16469246.576072652,4314,F2,LightGBM (squared error),prevalence,0.25,2,4
2.6460115923199954,3921.061735197093,501130472217.3723,13259970387.519604,3381729.562810133,461,F2,LightGBM (squared error),chronic,0.05,1,4
5.419097291541522,4021.1536038455474,501130472217.3723,27156747847.020866,3376735.9472478335,880,F2,LightGBM (squared error),chronic,0.05,2,4
5.0510217383931835,3655.01198438391,501130472217.3723,25312209089.411892,6925342.29642985,890,F2,LightGBM (squared error),chronic,0.1,1,4
9.848685322095324,3858.504260281584,501130472217.3723,49354763261.819336,6395582.320572266,1792,F2,LightGBM (squared error),chronic,0.1,2,4
11.797581514400319,3826.143235883852,501130472217.3723,59121275953.34374,15451924.381416034,2187,F2,LightGBM (squared error),chronic,0.25,1,4
25.46076481718673,3873.6335135055297,501130472217.3723,127591650958.52245,16469246.576072652,4314,F2,LightGBM (squared error),chronic,0.25,2,4
4.9249685884116685,7298.193981885337,501130472217.3723,24680518343.66465,3381729.562810133,461,F2,LightGBM (squared error),targeted,0.05,1,4
9.85289613596064,7311.182411741428,501130472217.3723,49375864933.22679,3376735.9472478335,880,F2,LightGBM (squared error),targeted,0.05,2,4
10.204524764991072,7384.181308799871,501130472217.3723,51137983142.33847,6925342.29642985,890,F2,LightGBM (squared error),targeted,0.1,1,4
19.217555430523447,7529.027182391126,501130472217.3723,96305026277.61742,6395582.320572266,1792,F2,LightGBM (squared error),targeted,0.1,2,4
22.93308885229123,7437.565291073783,501130472217.3723,114924696459.51662,15451924.381416034,2187,F2,LightGBM (squared error),targeted,0.25,1,4
49.31020331837896,7502.117768391132,501130472217.3723,247108454740.73886,16469246.576072652,4314,F2,LightGBM (squared error),targeted,0.25,2,4
5.51451692906485,8171.83166597322,501130472217.3723,27634924727.129623,3381729.562810133,461,F2,LightGBM (squared error),own-targeted,0.05,1,4
10.741556955990555,7970.598817613545,501130472217.3723,53829215097.053474,3376735.9472478335,880,F2,LightGBM (squared error),own-targeted,0.05,2,4
11.596950236695069,8391.765922375207,501130472217.3723,58115851483.96368,6925342.29642985,890,F2,LightGBM (squared error),own-targeted,0.1,1,4
20.698509599812272,8109.233350483721,501130472217.3723,103726538899.49738,6395582.320572266,1792,F2,LightGBM (squared error),own-targeted,0.1,2,4
25.842261083440693,8381.056093883415,501130472217.3723,129503444999.09258,15451924.381416034,2187,F2,LightGBM (squared error),own-targeted,0.25,1,4
52.719866304734424,8020.868281525373,501130472217.3723,264195314965.28296,16469246.576072652,4314,F2,LightGBM (squared error),own-targeted,0.25,2,4
1.112510180876965,1640.7676459960633,498748914800.35034,5548632454.167278,3381729.562810133,461,F2,CANN,prevalence,0.05,1,4
2.483083413657228,1833.7755413325453,498748914800.35034,12384351579.20292,3376735.9472478335,880,F2,CANN,prevalence,0.05,2,4
2.4030816080130073,1730.6499706029492,498748914800.35034,11985343441.731682,6925342.29642985,890,F2,CANN,prevalence,0.1,1,4
4.73063563461216,1844.5539990075258,498748914800.35034,23593993890.78681,6395582.320572266,1792,F2,CANN,prevalence,0.1,2,4
5.638060457537304,1819.8228682489857,498748914800.35034,28119765347.75497,15451924.381416034,2187,F2,CANN,prevalence,0.25,1,4
12.169099694172825,1842.6238378699707,498748914800.35034,60693252665.65971,16469246.576072652,4314,F2,CANN,prevalence,0.25,2,4
2.188788343511169,3228.099085920735,498748914800.35034,10916558110.538519,3381729.562810133,461,F2,CANN,chronic,0.05,1,4
5.4651469719476,4036.0516250979927,498748914800.35034,27257361214.83286,3376735.9472478335,880,F2,CANN,chronic,0.05,2,4
4.497058933168551,3238.6893913782383,498748914800.35034,22429032627.110363,6925342.29642985,890,F2,CANN,chronic,0.1,1,4
9.89640323044343,3858.7732314332043,498748914800.35034,49358203716.103424,6395582.320572266,1792,F2,CANN,chronic,0.1,2,4
10.628011333239314,3430.4524071539427,498748914800.35034,53007091189.38933,15451924.381416034,2187,F2,CANN,chronic,0.25,1,4
25.294371038706817,3830.0295183025933,498748914800.35034,126155401061.12436,16469246.576072652,4314,F2,CANN,chronic,0.25,2,4
3.75585444009289,5539.261171989755,498748914800.35034,18732283261.44406,3381729.562810133,461,F2,CANN,targeted,0.05,1,4
10.756157909061326,7943.502495269004,498748914800.35034,53646220845.65542,3376735.9472478335,880,F2,CANN,targeted,0.05,2,4
7.80388637535899,5620.198532196785,498748914800.35034,38921798609.35536,6925342.29642985,890,F2,CANN,targeted,0.1,1,4
20.180129882533155,7868.570346650583,498748914800.35034,100648178794.43533,6395582.320572266,1792,F2,CANN,targeted,0.1,2,4
18.781148882692435,6062.0783487734425,498748914800.35034,93670776239.46664,15451924.381416034,2187,F2,CANN,targeted,0.25,1,4
49.689622842070484,7523.915971155241,498748914800.35034,247826454693.21356,16469246.576072652,4314,F2,CANN,targeted,0.25,2,4
4.321440464977906,6373.406572733273,498748914800.35034,21553137422.82052,3381729.562810133,461,F2,CANN,own-targeted,0.05,1,4
13.565347496513118,10018.109867740572,498748914800.35034,67657023427.75566,3376735.9472478335,880,F2,CANN,own-targeted,0.05,2,4
9.78227318324826,7044.992038791795,498748914800.35034,48788981344.25638,6925342.29642985,890,F2,CANN,own-targeted,0.1,1,4
25.895360916816163,10097.034568753568,498748914800.35034,129152831556.25467,6395582.320572266,1792,F2,CANN,own-targeted,0.1,2,4
22.563060937436482,7282.78360632862,498748914800.35034,112533021571.2062,15451924.381416034,2187,F2,CANN,own-targeted,0.25,1,4
65.86084637873999,9972.534416647944,498748914800.35034,328480256592.29156,16469246.576072652,4314,F2,CANN,own-targeted,0.25,2,4
1.7386275801112865,2302.1151272222314,447774490165.4854,7785130782.71983,3381729.562810133,461,F2,Constrained WLS,prevalence,0.05,1,4
3.336190208211228,2211.9894669205923,447774490165.4854,14938608695.768673,3376735.9472478335,880,F2,Constrained WLS,prevalence,0.05,2,4
3.3678334868628794,2177.5529035145223,447774490165.4854,15080299225.422749,6925342.29642985,890,F2,Constrained WLS,prevalence,0.1,1,4
5.485063461591416,1920.1312499247633,447774490165.4854,24560714950.394287,6395582.320572266,1792,F2,Constrained WLS,prevalence,0.1,2,4
7.295998505991887,2114.2751741639518,447774490165.4854,32669620112.686604,15451924.381416034,2187,F2,Constrained WLS,prevalence,0.25,1,4
14.681988419655356,1995.907902908593,447774490165.4854,65742198792.26739,16469246.576072652,4314,F2,Constrained WLS,prevalence,0.25,2,4
2.0759924726976102,2748.8196610171954,447774490165.4854,9295764710.495579,3381729.562810133,461,F2,Constrained WLS,chronic,0.05,1,4
5.0973324697377755,3379.677125333259,447774490165.4854,22824554478.40807,3376735.9472478335,880,F2,Constrained WLS,chronic,0.05,2,4
4.378386314595308,2830.949887886616,447774490165.4854,19605296997.654526,6925342.29642985,890,F2,Constrained WLS,chronic,0.1,1,4
8.452049378303851,2958.770532160763,447774490165.4854,37846121012.235146,6395582.320572266,1792,F2,Constrained WLS,chronic,0.1,2,4
8.886490286599928,2575.1767606554704,447774490165.4854,39791436574.428215,15451924.381416034,2187,F2,Constrained WLS,chronic,0.25,1,4
21.781326909672448,2961.010543820558,447774490165.4854,97531225521.06348,16469246.576072652,4314,F2,Constrained WLS,chronic,0.25,2,4
11.956866099501582,15832.075043967363,447774490165.4854,53539796216.81297,3381729.562810133,461,F2,Constrained WLS,targeted,0.05,1,4
23.923206592384645,15861.7697717221,447774490165.4854,107122016350.28613,3376735.9472478335,880,F2,Constrained WLS,targeted,0.05,2,4
24.11727534306103,15593.598422545749,447774490165.4854,107991006709.19785,6925342.29642985,890,F2,Constrained WLS,targeted,0.1,1,4
45.65002244153532,15980.49598943511,447774490165.4854,204409155248.01447,6395582.320572266,1792,F2,Constrained WLS,targeted,0.1,2,4
55.58382387650222,16107.390758191155,447774490165.4854,248890183977.48917,15451924.381416034,2187,F2,Constrained WLS,targeted,0.25,1,4
116.68314362128208,15862.21170002817,447774490165.4854,522477351459.25696,16469246.576072652,4314,F2,Constrained WLS,targeted,0.25,2,4
12.529885603860624,16590.809625351314,447774490165.4854,56105631381.005455,3381729.562810133,461,F2,Constrained WLS,own-targeted,0.05,1,4
25.16693943700941,16686.400197529936,447774490165.4854,112691134754.32538,3376735.9472478335,880,F2,Constrained WLS,own-targeted,0.05,2,4
26.036303492710477,16834.391750213435,447774490165.4854,116583925222.42282,6925342.29642985,890,F2,Constrained WLS,own-targeted,0.1,1,4
48.0810340503984,16831.509180402565,447774490165.4854,215294605085.46487,6395582.320572266,1792,F2,Constrained WLS,own-targeted,0.1,2,4
58.859766174820756,17056.71160408226,447774490165.4854,263559017901.90045,15451924.381416034,2187,F2,Constrained WLS,own-targeted,0.25,1,4
123.66596746223853,16811.475034831336,447774490165.4854,553744655312.2537,16469246.576072652,4314,F2,Constrained WLS,own-targeted,0.25,2,4
